Date;Timestamp;DeviceOrientation;AccelerationX;AccelerationY;AccelerationZ;Label
2024-10-06 9:08:19 AM;1728194899.988234;faceUp;-0.0352325439453125;-0.39251708984375;-0.8692779541015625;sitting
2024-10-06 9:08:19 AM;1728194899.998608;faceUp;-0.152740478515625;-0.5039215087890625;-0.7979278564453125;sitting
2024-10-06 9:08:19 AM;1728194899.999368;faceUp;-0.018890380859375;-0.545440673828125;-0.764984130859375;sitting
2024-10-06 9:08:19 AM;1728194900.022159;faceUp;-0.123077392578125;-0.3550262451171875;-0.827606201171875;sitting
2024-10-06 9:08:19 AM;1728194900.072437;faceUp;-0.0341949462890625;-0.44183349609375;-0.9752044677734375;sitting
2024-10-06 9:08:19 AM;1728194900.122871;faceUp;-0.1215057373046875;-0.47210693359375;-0.8591766357421875;sitting
2024-10-06 9:08:19 AM;1728194900.173548;faceUp;-0.132965087890625;-0.361663818359375;-0.911590576171875;sitting
2024-10-06 9:08:19 AM;1728194900.2236428;faceUp;-0.102752685546875;-0.40142822265625;-0.8747711181640625;sitting
2024-10-06 9:08:19 AM;1728194900.274107;faceUp;-0.0696563720703125;-0.3471832275390625;-0.881317138671875;sitting
2024-10-06 9:08:19 AM;1728194900.324494;faceUp;-0.1138916015625;-0.331817626953125;-0.8231964111328125;sitting
2024-10-06 9:08:19 AM;1728194900.37461;faceUp;-0.283355712890625;-0.3352508544921875;-0.989288330078125;sitting
2024-10-06 9:08:19 AM;1728194900.425027;faceUp;-0.085601806640625;-0.3298187255859375;-1.003662109375;sitting
2024-10-06 9:08:19 AM;1728194900.475204;faceUp;-0.096160888671875;-0.3180999755859375;-0.954681396484375;sitting
2024-10-06 9:08:19 AM;1728194900.525636;faceUp;-0.150054931640625;-0.331146240234375;-0.92169189453125;sitting
2024-10-06 9:08:19 AM;1728194900.5758371;faceUp;-0.0722808837890625;-0.2722015380859375;-0.9542999267578125;sitting
2024-10-06 9:08:19 AM;1728194900.6279979;faceUp;-0.1239776611328125;-0.27984619140625;-0.9633636474609375;sitting
2024-10-06 9:08:19 AM;1728194900.677907;faceUp;-0.1630096435546875;-0.2715606689453125;-1.0194549560546875;sitting
2024-10-06 9:08:19 AM;1728194900.728372;faceUp;-0.198089599609375;-0.2576446533203125;-0.9738922119140625;sitting
2024-10-06 9:08:19 AM;1728194900.778335;faceUp;-0.15948486328125;-0.2641754150390625;-0.92742919921875;sitting
2024-10-06 9:08:19 AM;1728194900.8283448;faceUp;-0.1420440673828125;-0.2608642578125;-0.913238525390625;sitting
2024-10-06 9:08:19 AM;1728194900.878423;faceUp;-0.132049560546875;-0.2707672119140625;-0.9154205322265625;sitting
2024-10-06 9:08:19 AM;1728194900.9283829;faceUp;-0.15045166015625;-0.2520904541015625;-0.933990478515625;sitting
2024-10-06 9:08:19 AM;1728194900.9805012;faceUp;-0.1032257080078125;-0.2569427490234375;-0.90716552734375;sitting
2024-10-06 9:08:19 AM;1728194901.028524;faceUp;-0.1122894287109375;-0.2829742431640625;-0.870361328125;sitting
2024-10-06 9:08:19 AM;1728194901.078926;faceUp;-0.1676025390625;-0.2410430908203125;-0.847991943359375;sitting
2024-10-06 9:08:19 AM;1728194901.129195;faceUp;-0.0510711669921875;-0.285491943359375;-0.928253173828125;sitting
2024-10-06 9:08:19 AM;1728194901.179491;faceUp;-0.0708160400390625;-0.2569732666015625;-0.981170654296875;sitting
2024-10-06 9:08:19 AM;1728194901.229862;faceUp;-0.068084716796875;-0.268890380859375;-1.01708984375;sitting
2024-10-06 9:08:19 AM;1728194901.2799811;faceUp;-0.0796966552734375;-0.2427978515625;-0.971588134765625;sitting
2024-10-06 9:08:19 AM;1728194901.330528;faceUp;-0.119171142578125;-0.25592041015625;-0.9468231201171875;sitting
2024-10-06 9:08:19 AM;1728194901.380711;faceUp;-0.1265869140625;-0.2437591552734375;-0.940338134765625;sitting
2024-10-06 9:08:19 AM;1728194901.430952;faceUp;-0.1347198486328125;-0.2217254638671875;-0.9077301025390625;sitting
2024-10-06 9:08:19 AM;1728194901.481252;faceUp;-0.2623748779296875;-0.1128692626953125;-0.771514892578125;sitting
2024-10-06 9:08:19 AM;1728194901.531673;faceUp;-0.266510009765625;0.1233978271484375;-0.7215728759765625;sitting
2024-10-06 9:08:19 AM;1728194901.5818992;faceUp;-0.3757171630859375;0.127197265625;-0.4410247802734375;sitting
2024-10-06 9:08:19 AM;1728194901.632354;faceUp;-0.3238372802734375;0.17474365234375;-0.4025726318359375;sitting
2024-10-06 9:08:19 AM;1728194901.682518;faceUp;-0.647125244140625;0.192108154296875;-0.6351165771484375;sitting
2024-10-06 9:08:19 AM;1728194901.732913;faceUp;-0.891204833984375;0.1176605224609375;-1.02374267578125;sitting
2024-10-06 9:08:19 AM;1728194901.78314;faceUp;-1.3337860107421875;0.0944061279296875;-1.229248046875;sitting
2024-10-06 9:08:19 AM;1728194901.833435;faceUp;-1.4482421875;-0.11663818359375;-0.89898681640625;sitting
2024-10-06 9:08:19 AM;1728194901.8837981;faceUp;-0.980072021484375;0.02056884765625;-0.448883056640625;sitting
2024-10-06 9:08:19 AM;1728194901.93417;faceUp;-0.7784271240234375;0.1431121826171875;0.0399322509765625;sitting
2024-10-06 9:08:19 AM;1728194901.9843311;faceUp;-0.7349700927734375;0.2078399658203125;0.1399688720703125;sitting
2024-10-06 9:08:19 AM;1728194902.03471;faceUp;-1.08544921875;0.8287811279296875;-0.225433349609375;sitting
2024-10-06 9:08:19 AM;1728194902.084939;faceUp;-0.75994873046875;1.192626953125;-0.0540313720703125;sitting
2024-10-06 9:08:19 AM;1728194902.135329;faceUp;-1.0510101318359375;0.1138916015625;-0.0565032958984375;sitting
2024-10-06 9:08:19 AM;1728194902.185545;faceUp;-0.940399169921875;0.2221221923828125;-0.2093353271484375;sitting
2024-10-06 9:08:19 AM;1728194902.2359219;faceUp;-0.35369873046875;0.6425628662109375;0.1876068115234375;sitting
2024-10-06 9:08:19 AM;1728194902.2861052;faceUp;-0.4637603759765625;1.12396240234375;-0.2094573974609375;sitting
2024-10-06 9:08:19 AM;1728194902.337323;faceUp;-0.42108154296875;1.05157470703125;-0.0538330078125;sitting
2024-10-06 9:08:19 AM;1728194902.388139;faceUp;-0.3861846923828125;0.54583740234375;-0.088470458984375;sitting
2024-10-06 9:08:19 AM;1728194902.43819;faceUp;-0.383575439453125;0.8484039306640625;0.025909423828125;sitting
2024-10-06 9:08:19 AM;1728194902.488052;faceUp;0.0728759765625;0.8872222900390625;0.15704345703125;sitting
2024-10-06 9:08:19 AM;1728194902.537788;faceUp;-0.0089111328125;0.82232666015625;0.7350616455078125;sitting
2024-10-06 9:08:19 AM;1728194902.588002;faceUp;0.177032470703125;0.6338958740234375;0.05059814453125;sitting
2024-10-06 9:08:19 AM;1728194902.639384;faceUp;0.1705474853515625;2.266510009765625;-0.3261566162109375;sitting
2024-10-06 9:08:19 AM;1728194902.688741;faceUp;0.7807769775390625;0.9680938720703125;0.7086944580078125;sitting
2024-10-06 9:08:19 AM;1728194902.7390618;faceUp;0.811492919921875;0.899261474609375;0.4598846435546875;sitting
2024-10-06 9:08:19 AM;1728194902.789154;faceUp;0.1091156005859375;0.984527587890625;0.133392333984375;sitting
2024-10-06 9:08:19 AM;1728194902.839788;faceUp;0.1613311767578125;0.9615020751953125;0.37322998046875;sitting
2024-10-06 9:08:19 AM;1728194902.889991;faceUp;0.227569580078125;0.9257659912109375;0.3315277099609375;sitting
2024-10-06 9:08:19 AM;1728194902.940826;portraitUpsideDown;0.344970703125;0.9059600830078125;0.3664703369140625;sitting
2024-10-06 9:08:19 AM;1728194902.9908109;portraitUpsideDown;0.261138916015625;0.9174652099609375;0.340087890625;sitting
2024-10-06 9:08:19 AM;1728194903.041078;portraitUpsideDown;0.211517333984375;0.928497314453125;0.2406463623046875;sitting
2024-10-06 9:08:19 AM;1728194903.0914068;portraitUpsideDown;0.229248046875;0.8976898193359375;0.2444305419921875;sitting
2024-10-06 9:08:19 AM;1728194903.141523;portraitUpsideDown;0.2238006591796875;0.9449920654296875;0.3079071044921875;sitting
2024-10-06 9:08:19 AM;1728194903.1919808;portraitUpsideDown;0.15875244140625;0.696014404296875;-0.6057586669921875;sitting
2024-10-06 9:08:19 AM;1728194903.2423239;portraitUpsideDown;0.253021240234375;0.9591827392578125;0.799163818359375;sitting
2024-10-06 9:08:19 AM;1728194903.292389;portraitUpsideDown;0.2958526611328125;0.9776153564453125;0.062286376953125;sitting
2024-10-06 9:08:19 AM;1728194903.342632;portraitUpsideDown;0.4485931396484375;0.8012542724609375;0.3754425048828125;sitting
2024-10-06 9:08:19 AM;1728194903.393095;portraitUpsideDown;0.2140960693359375;0.5787200927734375;0.333648681640625;sitting
2024-10-06 9:08:19 AM;1728194903.443531;portraitUpsideDown;0.117401123046875;0.7633056640625;0.4923553466796875;sitting
2024-10-06 9:08:19 AM;1728194903.493691;portraitUpsideDown;0.31231689453125;0.6138916015625;0.4579925537109375;sitting
2024-10-06 9:08:19 AM;1728194903.544141;portraitUpsideDown;0.1901092529296875;1.0826873779296875;0.5156402587890625;sitting
2024-10-06 9:08:19 AM;1728194903.594349;portraitUpsideDown;0.1375274658203125;0.93194580078125;0.532989501953125;sitting
2024-10-06 9:08:19 AM;1728194903.644666;portraitUpsideDown;-0.004241943359375;0.8331756591796875;0.572479248046875;sitting
2024-10-06 9:08:19 AM;1728194903.694817;portraitUpsideDown;0.060882568359375;0.816192626953125;0.6814727783203125;sitting
2024-10-06 9:08:19 AM;1728194903.745467;portraitUpsideDown;-0.0777435302734375;0.893707275390625;0.5633544921875;sitting
2024-10-06 9:08:19 AM;1728194903.795505;portraitUpsideDown;-0.0203094482421875;0.695220947265625;0.7705078125;sitting
2024-10-06 9:08:19 AM;1728194903.845872;portraitUpsideDown;0.0692138671875;0.818634033203125;0.6994171142578125;sitting
2024-10-06 9:08:19 AM;1728194903.8960161;portraitUpsideDown;0.05621337890625;0.681915283203125;0.8021697998046875;sitting
2024-10-06 9:08:19 AM;1728194903.948169;portraitUpsideDown;-0.0921478271484375;0.6676177978515625;0.6559906005859375;sitting
2024-10-06 9:08:19 AM;1728194903.998096;portraitUpsideDown;0.081390380859375;0.643310546875;0.75537109375;sitting
2024-10-06 9:08:19 AM;1728194904.048376;portraitUpsideDown;-0.120880126953125;0.436492919921875;0.6948699951171875;sitting
2024-10-06 9:08:19 AM;1728194904.098341;portraitUpsideDown;-0.11212158203125;0.393218994140625;0.804656982421875;sitting
2024-10-06 9:08:19 AM;1728194904.14831;portraitUpsideDown;-0.1054534912109375;0.5279541015625;0.7487030029296875;sitting
2024-10-06 9:08:19 AM;1728194904.198516;portraitUpsideDown;0.025848388671875;0.5322113037109375;0.8364715576171875;sitting
2024-10-06 9:08:19 AM;1728194904.248498;portraitUpsideDown;-0.012664794921875;0.44189453125;0.8389434814453125;sitting
2024-10-06 9:08:19 AM;1728194904.2985601;portraitUpsideDown;-0.0950775146484375;0.3727569580078125;0.8350830078125;sitting
2024-10-06 9:08:19 AM;1728194904.348865;portraitUpsideDown;-0.1660308837890625;0.44500732421875;0.906036376953125;sitting
2024-10-06 9:08:19 AM;1728194904.399067;portraitUpsideDown;-0.2311553955078125;0.5625;1.170074462890625;sitting
2024-10-06 9:08:19 AM;1728194904.4492621;faceDown;-0.512176513671875;0.53680419921875;1.2982025146484375;sitting
2024-10-06 9:08:19 AM;1728194904.499726;faceDown;-0.377105712890625;0.2778167724609375;1.138397216796875;sitting
2024-10-06 9:08:19 AM;1728194904.550312;faceDown;-0.32342529296875;0.21087646484375;0.8792266845703125;sitting
2024-10-06 9:08:19 AM;1728194904.6002932;faceDown;-0.2406768798828125;0.1831207275390625;0.9036712646484375;sitting
2024-10-06 9:08:19 AM;1728194904.650625;faceDown;-0.3043670654296875;0.2282562255859375;0.915374755859375;sitting
2024-10-06 9:08:19 AM;1728194904.700907;faceDown;-0.31121826171875;0.2666473388671875;0.9507598876953125;sitting
2024-10-06 9:08:19 AM;1728194904.751312;faceDown;-0.31134033203125;0.3261566162109375;0.9451904296875;sitting
2024-10-06 9:08:19 AM;1728194904.801636;faceDown;-0.277191162109375;0.2776641845703125;0.9557037353515625;sitting
2024-10-06 9:08:19 AM;1728194904.8517451;faceDown;-0.24847412109375;0.2207794189453125;0.9164886474609375;sitting
2024-10-06 9:08:19 AM;1728194904.902211;faceDown;-0.2491912841796875;0.21240234375;0.943389892578125;sitting
2024-10-06 9:08:19 AM;1728194904.9525409;faceDown;-0.2616119384765625;0.1940460205078125;0.9787445068359375;sitting
2024-10-06 9:08:19 AM;1728194905.002718;faceDown;-0.280914306640625;0.2400665283203125;0.990203857421875;sitting
2024-10-06 9:08:19 AM;1728194905.0532;faceDown;-0.2710418701171875;0.22003173828125;0.9075164794921875;sitting
2024-10-06 9:08:19 AM;1728194905.1034188;faceDown;-0.2821197509765625;0.175537109375;0.9489288330078125;sitting
2024-10-06 9:08:19 AM;1728194905.153827;faceDown;-0.2445068359375;0.1997222900390625;0.9309539794921875;sitting
2024-10-06 9:08:19 AM;1728194905.204101;faceDown;-0.30413818359375;0.2201995849609375;0.9874420166015625;sitting
2024-10-06 9:08:19 AM;1728194905.2543721;faceDown;-0.18426513671875;0.4223785400390625;0.99462890625;sitting
2024-10-06 9:08:19 AM;1728194905.304528;faceDown;-0.288238525390625;0.2618560791015625;0.9548492431640625;sitting
2024-10-06 9:08:19 AM;1728194905.355702;faceDown;-0.274322509765625;0.19091796875;0.9445648193359375;sitting
2024-10-06 9:08:19 AM;1728194905.405467;faceDown;-0.269683837890625;0.20257568359375;0.96136474609375;sitting
2024-10-06 9:08:19 AM;1728194905.455715;faceDown;-0.2513275146484375;0.2102813720703125;0.9592132568359375;sitting
2024-10-06 9:08:19 AM;1728194905.505652;faceDown;-0.246917724609375;0.228668212890625;0.920196533203125;sitting
2024-10-06 9:08:19 AM;1728194905.557691;faceDown;-0.2843475341796875;0.2188720703125;0.9844970703125;sitting
2024-10-06 9:08:19 AM;1728194905.608193;faceDown;-0.2928314208984375;0.214599609375;0.9426422119140625;sitting
2024-10-06 9:08:19 AM;1728194905.658235;faceDown;-0.295745849609375;0.201202392578125;0.935272216796875;sitting
2024-10-06 9:08:19 AM;1728194905.707975;faceDown;-0.312164306640625;0.2028350830078125;0.9571380615234375;sitting
2024-10-06 9:08:19 AM;1728194905.757726;faceDown;-0.3039398193359375;0.189239501953125;0.9275970458984375;sitting
2024-10-06 9:08:19 AM;1728194905.807784;faceDown;-0.2613067626953125;0.2274017333984375;0.994171142578125;sitting
2024-10-06 9:08:19 AM;1728194905.858159;faceDown;-0.29144287109375;0.2075958251953125;0.923492431640625;sitting
2024-10-06 9:08:19 AM;1728194905.908451;faceDown;-0.283843994140625;0.2195892333984375;0.965362548828125;sitting
2024-10-06 9:08:19 AM;1728194905.958626;faceDown;-0.26251220703125;0.221405029296875;0.9320831298828125;sitting
2024-10-06 9:08:19 AM;1728194906.009033;faceDown;-0.3118438720703125;0.21063232421875;0.9550628662109375;sitting
2024-10-06 9:08:19 AM;1728194906.059431;faceDown;-0.291748046875;0.19378662109375;0.9252471923828125;sitting
2024-10-06 9:08:19 AM;1728194906.109437;faceDown;-0.3085479736328125;0.198516845703125;0.9279022216796875;sitting
2024-10-06 9:08:19 AM;1728194906.1601481;faceDown;-0.275421142578125;0.2106781005859375;0.9495849609375;sitting
2024-10-06 9:08:19 AM;1728194906.210129;faceDown;-0.244354248046875;0.240875244140625;0.9657135009765625;sitting
2024-10-06 9:08:19 AM;1728194906.260542;faceDown;-0.26763916015625;0.226165771484375;0.94281005859375;sitting
2024-10-06 9:08:19 AM;1728194906.310755;faceDown;-0.28631591796875;0.232147216796875;0.950347900390625;sitting
2024-10-06 9:08:19 AM;1728194906.361102;faceDown;-0.298248291015625;0.2159423828125;0.94287109375;sitting
2024-10-06 9:08:19 AM;1728194906.411313;faceDown;-0.2860107421875;0.20684814453125;0.942352294921875;sitting
2024-10-06 9:08:19 AM;1728194906.461856;faceDown;-0.277740478515625;0.2135162353515625;0.9566650390625;sitting
2024-10-06 9:08:19 AM;1728194906.511924;faceDown;-0.2788543701171875;0.21942138671875;0.9442901611328125;sitting
2024-10-06 9:08:19 AM;1728194906.562398;faceDown;-0.2738494873046875;0.2106475830078125;0.951568603515625;sitting
2024-10-06 9:08:19 AM;1728194906.6126661;faceDown;-0.2728424072265625;0.2081146240234375;0.954681396484375;sitting
2024-10-06 9:08:19 AM;1728194906.663052;faceDown;-0.282684326171875;0.210418701171875;0.9462890625;sitting
2024-10-06 9:08:19 AM;1728194906.713356;faceDown;-0.28790283203125;0.2212066650390625;0.9530181884765625;sitting
2024-10-06 9:08:19 AM;1728194906.763644;faceDown;-0.293487548828125;0.219146728515625;0.9456634521484375;sitting
2024-10-06 9:08:19 AM;1728194906.8138208;faceDown;-0.2943572998046875;0.2192230224609375;0.9398040771484375;sitting
2024-10-06 9:08:19 AM;1728194906.864128;faceDown;-0.2890777587890625;0.2150115966796875;0.94354248046875;sitting
2024-10-06 9:08:19 AM;1728194906.914412;faceDown;-0.285675048828125;0.2097320556640625;0.9541473388671875;sitting
2024-10-06 9:08:19 AM;1728194906.964992;faceDown;-0.2805328369140625;0.2164154052734375;0.9393310546875;sitting
2024-10-06 9:08:19 AM;1728194907.0151029;faceDown;-0.2836151123046875;0.2172393798828125;0.944915771484375;sitting
2024-10-06 9:08:19 AM;1728194907.0655031;faceDown;-0.2973175048828125;0.2187652587890625;0.9354248046875;sitting
2024-10-06 9:08:19 AM;1728194907.1156201;faceDown;-0.2958221435546875;0.20721435546875;0.95355224609375;sitting
2024-10-06 9:08:19 AM;1728194907.166044;faceDown;-0.2751007080078125;0.20159912109375;0.956146240234375;sitting
2024-10-06 9:08:19 AM;1728194907.21788;faceDown;-0.2740325927734375;0.20330810546875;0.9487457275390625;sitting
2024-10-06 9:08:19 AM;1728194907.268186;faceDown;-0.284454345703125;0.2130584716796875;0.9450531005859375;sitting
2024-10-06 9:08:19 AM;1728194907.31737;faceDown;-0.2875213623046875;0.21337890625;0.944915771484375;sitting
2024-10-06 9:08:19 AM;1728194907.368056;faceDown;-0.286865234375;0.21319580078125;0.952850341796875;sitting
2024-10-06 9:08:19 AM;1728194907.4180079;faceDown;-0.2803802490234375;0.205108642578125;0.9436798095703125;sitting
2024-10-06 9:08:19 AM;1728194907.468039;faceDown;-0.2844696044921875;0.2106170654296875;0.950653076171875;sitting
2024-10-06 9:08:19 AM;1728194907.518219;faceDown;-0.2856292724609375;0.212799072265625;0.9499969482421875;sitting
2024-10-06 9:08:19 AM;1728194907.568475;faceDown;-0.286712646484375;0.2120208740234375;0.9434967041015625;sitting
2024-10-06 9:08:19 AM;1728194907.618727;faceDown;-0.2862548828125;0.21160888671875;0.9492340087890625;sitting
2024-10-06 9:08:19 AM;1728194907.669137;faceDown;-0.2862396240234375;0.2111053466796875;0.9456787109375;sitting
2024-10-06 9:08:19 AM;1728194907.719275;faceDown;-0.28704833984375;0.2119140625;0.9459991455078125;sitting
2024-10-06 9:08:19 AM;1728194907.769915;faceDown;-0.2870330810546875;0.2124786376953125;0.9516754150390625;sitting
2024-10-06 9:08:19 AM;1728194907.8199081;faceDown;-0.2855682373046875;0.212188720703125;0.9454193115234375;sitting
2024-10-06 9:08:19 AM;1728194907.870287;faceDown;-0.2851715087890625;0.2110748291015625;0.9483795166015625;sitting
2024-10-06 9:08:19 AM;1728194907.920563;faceDown;-0.28741455078125;0.2110443115234375;0.9487152099609375;sitting
2024-10-06 9:08:19 AM;1728194907.970967;faceDown;-0.2835693359375;0.21148681640625;0.945465087890625;sitting
2024-10-06 9:08:19 AM;1728194908.021079;faceDown;-0.2834320068359375;0.2123260498046875;0.9461517333984375;sitting
2024-10-06 9:08:19 AM;1728194908.071938;faceDown;-0.292938232421875;0.2097015380859375;0.951873779296875;sitting
2024-10-06 9:08:19 AM;1728194908.121819;faceDown;-0.285186767578125;0.2161102294921875;0.9520111083984375;sitting
2024-10-06 9:08:19 AM;1728194908.172333;faceDown;-0.2877655029296875;0.2108306884765625;0.9448089599609375;sitting
2024-10-06 9:08:19 AM;1728194908.222367;faceDown;-0.28509521484375;0.2100372314453125;0.94354248046875;sitting
2024-10-06 9:08:19 AM;1728194908.2728639;faceDown;-0.281402587890625;0.209747314453125;0.9495697021484375;sitting
2024-10-06 9:08:19 AM;1728194908.323018;faceDown;-0.2861175537109375;0.2103424072265625;0.9540557861328125;sitting
2024-10-06 9:08:19 AM;1728194908.3734531;faceDown;-0.286041259765625;0.212554931640625;0.94580078125;sitting
2024-10-06 9:08:19 AM;1728194908.423561;faceDown;-0.2890777587890625;0.2121734619140625;0.9426116943359375;sitting
2024-10-06 9:08:19 AM;1728194908.474055;faceDown;-0.28851318359375;0.2110748291015625;0.94842529296875;sitting
2024-10-06 9:08:19 AM;1728194908.524239;faceDown;-0.28515625;0.2112884521484375;0.9471588134765625;sitting
2024-10-06 9:08:19 AM;1728194908.574802;faceDown;-0.28656005859375;0.2111053466796875;0.9501190185546875;sitting
2024-10-06 9:08:19 AM;1728194908.624816;faceDown;-0.2855987548828125;0.211822509765625;0.94757080078125;sitting
2024-10-06 9:08:19 AM;1728194908.6752539;faceDown;-0.2860565185546875;0.212371826171875;0.948699951171875;sitting
2024-10-06 9:08:19 AM;1728194908.725388;faceDown;-0.287872314453125;0.2116241455078125;0.9491119384765625;sitting
2024-10-06 9:08:19 AM;1728194908.77593;faceDown;-0.286376953125;0.2130126953125;0.946044921875;sitting
2024-10-06 9:08:19 AM;1728194908.826206;faceDown;-0.28759765625;0.2120361328125;0.9415435791015625;sitting
2024-10-06 9:08:19 AM;1728194908.877804;faceDown;-0.2931976318359375;0.210113525390625;0.9508819580078125;sitting
2024-10-06 9:08:19 AM;1728194908.927927;faceDown;-0.286224365234375;0.208892822265625;0.9453125;sitting
2024-10-06 9:08:19 AM;1728194908.977703;faceDown;-0.2881622314453125;0.206512451171875;0.9596405029296875;sitting
2024-10-06 9:08:19 AM;1728194909.027371;faceDown;-0.2702484130859375;0.2068634033203125;0.9286956787109375;sitting
2024-10-06 9:08:19 AM;1728194909.077786;faceDown;-0.2788543701171875;0.206329345703125;0.9510345458984375;sitting
2024-10-06 9:08:19 AM;1728194909.128094;faceDown;-0.2843780517578125;0.2090606689453125;0.96905517578125;sitting
2024-10-06 9:08:19 AM;1728194909.1781821;faceDown;-0.290618896484375;0.2013092041015625;0.9434814453125;sitting
2024-10-06 9:08:19 AM;1728194909.228549;faceDown;-0.290679931640625;0.20501708984375;0.950836181640625;sitting
2024-10-06 9:08:19 AM;1728194909.279001;faceDown;-0.2803192138671875;0.20220947265625;0.943328857421875;sitting
2024-10-06 9:08:19 AM;1728194909.32915;faceDown;-0.286895751953125;0.1983184814453125;0.951904296875;sitting
2024-10-06 9:08:19 AM;1728194909.379714;faceDown;-0.27935791015625;0.2097930908203125;0.9545440673828125;sitting
2024-10-06 9:08:19 AM;1728194909.429719;faceDown;-0.270172119140625;0.2006378173828125;0.9384002685546875;sitting
2024-10-06 9:08:19 AM;1728194909.480122;faceDown;-0.2737579345703125;0.19586181640625;0.973876953125;sitting
2024-10-06 9:08:19 AM;1728194909.530261;faceDown;-0.275482177734375;0.193359375;0.942138671875;sitting
2024-10-06 9:08:19 AM;1728194909.58071;faceDown;-0.297088623046875;0.1962738037109375;0.941192626953125;sitting
2024-10-06 9:08:19 AM;1728194909.630985;faceDown;-0.29248046875;0.1924896240234375;0.959075927734375;sitting
2024-10-06 9:08:19 AM;1728194909.6814508;faceDown;-0.278106689453125;0.1966552734375;0.943267822265625;sitting
2024-10-06 9:08:19 AM;1728194909.7315469;faceDown;-0.2854461669921875;0.1953277587890625;0.9725494384765625;sitting
2024-10-06 9:08:19 AM;1728194909.781911;faceDown;-0.2789154052734375;0.1912384033203125;0.9393157958984375;sitting
2024-10-06 9:08:19 AM;1728194909.83218;faceDown;-0.28411865234375;0.18756103515625;0.959320068359375;sitting
2024-10-06 9:08:19 AM;1728194909.882485;faceDown;-0.28515625;0.183807373046875;0.9544219970703125;sitting
2024-10-06 9:08:19 AM;1728194909.932907;faceDown;-0.2846221923828125;0.1845245361328125;0.9573974609375;sitting
2024-10-06 9:08:19 AM;1728194909.983197;faceDown;-0.2811126708984375;0.1849365234375;0.9495086669921875;sitting
2024-10-06 9:08:19 AM;1728194910.033386;faceDown;-0.285797119140625;0.1933135986328125;0.9588165283203125;sitting
2024-10-06 9:08:19 AM;1728194910.0837321;faceDown;-0.28497314453125;0.1874237060546875;0.953094482421875;sitting
2024-10-06 9:08:19 AM;1728194910.1340709;faceDown;-0.2792510986328125;0.1723175048828125;0.9592132568359375;sitting
2024-10-06 9:08:19 AM;1728194910.1844192;faceDown;-0.287506103515625;0.1679229736328125;0.9632720947265625;sitting
2024-10-06 9:08:19 AM;1728194910.234685;faceDown;-0.2868499755859375;0.180633544921875;0.9558258056640625;sitting
2024-10-06 9:08:19 AM;1728194910.285059;faceDown;-0.288970947265625;0.1878662109375;0.95269775390625;sitting
2024-10-06 9:08:19 AM;1728194910.335256;faceDown;-0.2809906005859375;0.183929443359375;0.9506378173828125;sitting
2024-10-06 9:08:19 AM;1728194910.385717;faceDown;-0.279144287109375;0.1804656982421875;0.9594879150390625;sitting
2024-10-06 9:08:19 AM;1728194910.435853;faceDown;-0.28021240234375;0.1694183349609375;0.9571990966796875;sitting
2024-10-06 9:08:19 AM;1728194910.4877129;faceDown;-0.27685546875;0.1724395751953125;0.9584197998046875;sitting
2024-10-06 9:08:19 AM;1728194910.537575;faceDown;-0.2762603759765625;0.1761627197265625;0.9574737548828125;sitting
2024-10-06 9:08:19 AM;1728194910.5876641;faceDown;-0.2816925048828125;0.18023681640625;0.9564666748046875;sitting
2024-10-06 9:08:19 AM;1728194910.6376162;faceDown;-0.2812347412109375;0.1825408935546875;0.955474853515625;sitting
2024-10-06 9:08:19 AM;1728194910.687748;faceDown;-0.2816162109375;0.1804351806640625;0.95220947265625;sitting
2024-10-06 9:08:19 AM;1728194910.738235;faceDown;-0.2794036865234375;0.17388916015625;0.959869384765625;sitting
2024-10-06 9:08:19 AM;1728194910.7885032;faceDown;-0.2824249267578125;0.17291259765625;0.9605712890625;sitting
2024-10-06 9:08:19 AM;1728194910.838354;faceDown;-0.283416748046875;0.175018310546875;0.9550323486328125;sitting
2024-10-06 9:08:19 AM;1728194910.888556;faceDown;-0.2844085693359375;0.180877685546875;0.9579315185546875;sitting
2024-10-06 9:08:19 AM;1728194910.9389338;faceDown;-0.2968597412109375;0.177703857421875;0.9646148681640625;sitting
2024-10-06 9:08:19 AM;1728194910.9903069;faceDown;-0.28436279296875;0.1824798583984375;0.9521026611328125;sitting
2024-10-06 9:08:19 AM;1728194911.039669;faceDown;-0.282684326171875;0.180328369140625;0.952972412109375;sitting
2024-10-06 9:08:19 AM;1728194911.0899348;faceDown;-0.2744140625;0.178619384765625;0.9467620849609375;sitting
2024-10-06 9:08:19 AM;1728194911.140279;faceDown;-0.2882080078125;0.1820831298828125;0.9527587890625;sitting
2024-10-06 9:08:19 AM;1728194911.190546;faceDown;-0.281951904296875;0.1824798583984375;0.9530792236328125;sitting
2024-10-06 9:08:19 AM;1728194911.240841;faceDown;-0.283172607421875;0.183929443359375;0.9496002197265625;sitting
2024-10-06 9:08:19 AM;1728194911.29124;faceDown;-0.2867584228515625;0.183624267578125;0.956146240234375;sitting
2024-10-06 9:08:19 AM;1728194911.341434;faceDown;-0.285736083984375;0.181671142578125;0.95428466796875;sitting
2024-10-06 9:08:19 AM;1728194911.391465;faceDown;-0.2868194580078125;0.1827545166015625;0.9527435302734375;sitting
2024-10-06 9:08:19 AM;1728194911.441977;faceDown;-0.2857208251953125;0.183135986328125;0.954345703125;sitting
2024-10-06 9:08:19 AM;1728194911.4923038;faceDown;-0.283599853515625;0.183502197265625;0.9492340087890625;sitting
2024-10-06 9:08:19 AM;1728194911.542757;faceDown;-0.283294677734375;0.182891845703125;0.95635986328125;sitting
2024-10-06 9:08:19 AM;1728194911.593004;faceDown;-0.2832794189453125;0.1806182861328125;0.9494781494140625;sitting
2024-10-06 9:08:19 AM;1728194911.643189;faceDown;-0.288665771484375;0.1844329833984375;0.95635986328125;sitting
2024-10-06 9:08:19 AM;1728194911.693737;faceDown;-0.288299560546875;0.1824493408203125;0.9523162841796875;sitting
2024-10-06 9:08:19 AM;1728194911.743839;faceDown;-0.285430908203125;0.1865234375;0.9548492431640625;sitting
2024-10-06 9:08:19 AM;1728194911.7942781;faceDown;-0.28704833984375;0.1839447021484375;0.954681396484375;sitting
2024-10-06 9:08:19 AM;1728194911.8445668;faceDown;-0.2835693359375;0.1819305419921875;0.950714111328125;sitting
2024-10-06 9:08:19 AM;1728194911.894851;faceDown;-0.28369140625;0.185272216796875;0.95526123046875;sitting
2024-10-06 9:08:19 AM;1728194911.945129;faceDown;-0.2857818603515625;0.1843109130859375;0.9535369873046875;sitting
2024-10-06 9:08:19 AM;1728194911.995452;faceDown;-0.2864532470703125;0.1846160888671875;0.9502410888671875;sitting
2024-10-06 9:08:19 AM;1728194912.045671;faceDown;-0.286376953125;0.1849365234375;0.9544219970703125;sitting
2024-10-06 9:08:19 AM;1728194912.0961719;faceDown;-0.28448486328125;0.1837310791015625;0.9522552490234375;sitting
2024-10-06 9:08:19 AM;1728194912.146027;faceDown;-0.2841339111328125;0.1833038330078125;0.9533538818359375;sitting
2024-10-06 9:08:19 AM;1728194912.1982632;faceDown;-0.2856597900390625;0.186187744140625;0.952972412109375;sitting
2024-10-06 9:08:19 AM;1728194912.2483702;faceDown;-0.2841339111328125;0.1830596923828125;0.9524688720703125;sitting
2024-10-06 9:08:19 AM;1728194912.298389;faceDown;-0.282867431640625;0.18389892578125;0.9508819580078125;sitting
2024-10-06 9:08:19 AM;1728194912.348328;faceDown;-0.286865234375;0.1848907470703125;0.954833984375;sitting
2024-10-06 9:08:19 AM;1728194912.398457;faceDown;-0.2863311767578125;0.1830902099609375;0.9551849365234375;sitting
2024-10-06 9:08:19 AM;1728194912.4485521;faceDown;-0.2850799560546875;0.1843414306640625;0.9521636962890625;sitting
2024-10-06 9:08:19 AM;1728194912.4984899;faceDown;-0.2848968505859375;0.1861724853515625;0.958404541015625;sitting
2024-10-06 9:08:19 AM;1728194912.54873;faceDown;-0.282379150390625;0.18402099609375;0.9505462646484375;sitting
2024-10-06 9:08:19 AM;1728194912.599189;faceDown;-0.2822723388671875;0.1846160888671875;0.95416259765625;sitting
2024-10-06 9:08:19 AM;1728194912.64944;faceDown;-0.283172607421875;0.181396484375;0.9523162841796875;sitting
2024-10-06 9:08:19 AM;1728194912.699667;faceDown;-0.2831573486328125;0.1815185546875;0.9527587890625;sitting
2024-10-06 9:08:19 AM;1728194912.749995;faceDown;-0.28271484375;0.1814422607421875;0.956878662109375;sitting
2024-10-06 9:08:19 AM;1728194912.8004131;faceDown;-0.281463623046875;0.1808013916015625;0.9548187255859375;sitting
2024-10-06 9:08:19 AM;1728194912.850679;faceDown;-0.2822113037109375;0.1810150146484375;0.95703125;sitting
2024-10-06 9:08:19 AM;1728194912.90113;faceDown;-0.281463623046875;0.17926025390625;0.95635986328125;sitting
2024-10-06 9:08:19 AM;1728194912.951213;faceDown;-0.2866363525390625;0.1748046875;0.9579315185546875;sitting
2024-10-06 9:08:19 AM;1728194913.001563;faceDown;-0.2816314697265625;0.1775970458984375;0.9556121826171875;sitting
2024-10-06 9:08:19 AM;1728194913.05183;faceDown;-0.281829833984375;0.1775054931640625;0.95635986328125;sitting
2024-10-06 9:08:19 AM;1728194913.102113;faceDown;-0.2804107666015625;0.178802490234375;0.957366943359375;sitting
2024-10-06 9:08:19 AM;1728194913.1525412;faceDown;-0.276397705078125;0.1756591796875;0.957489013671875;sitting
2024-10-06 9:08:19 AM;1728194913.202952;faceDown;-0.27783203125;0.17901611328125;0.9557342529296875;sitting
2024-10-06 9:08:19 AM;1728194913.253241;faceDown;-0.284576416015625;0.18023681640625;0.9492034912109375;sitting
2024-10-06 9:08:19 AM;1728194913.303581;faceDown;-0.2944183349609375;0.180084228515625;0.9601287841796875;sitting
2024-10-06 9:08:19 AM;1728194913.3536592;faceDown;-0.287261962890625;0.1643524169921875;0.9534759521484375;sitting
2024-10-06 9:08:19 AM;1728194913.4041471;faceDown;-0.278900146484375;0.1658782958984375;0.9635467529296875;sitting
2024-10-06 9:08:19 AM;1728194913.454242;faceDown;-0.2720489501953125;0.164215087890625;0.959686279296875;sitting
2024-10-06 9:08:19 AM;1728194913.504836;faceDown;-0.2766876220703125;0.175048828125;0.962799072265625;sitting
2024-10-06 9:08:19 AM;1728194913.55493;faceDown;-0.2776641845703125;0.1830596923828125;0.949798583984375;sitting
2024-10-06 9:08:19 AM;1728194913.605087;faceDown;-0.284393310546875;0.185150146484375;0.961700439453125;sitting
2024-10-06 9:08:19 AM;1728194913.65554;faceDown;-0.2832183837890625;0.171051025390625;0.9557342529296875;sitting
2024-10-06 9:08:19 AM;1728194913.707202;faceDown;-0.287017822265625;0.17059326171875;0.9514312744140625;sitting
2024-10-06 9:08:19 AM;1728194913.757052;faceDown;-0.2809295654296875;0.1790771484375;0.96038818359375;sitting
2024-10-06 9:08:19 AM;1728194913.807578;faceDown;-0.2821197509765625;0.176727294921875;0.955535888671875;sitting
2024-10-06 9:08:19 AM;1728194913.857781;faceDown;-0.2845001220703125;0.179412841796875;0.9571380615234375;sitting
2024-10-06 9:08:19 AM;1728194913.9077349;faceDown;-0.27886962890625;0.174163818359375;0.95391845703125;sitting
2024-10-06 9:08:19 AM;1728194913.9578319;faceDown;-0.280181884765625;0.174591064453125;0.96051025390625;sitting
2024-10-06 9:08:19 AM;1728194914.008329;faceDown;-0.277069091796875;0.17559814453125;0.9530181884765625;sitting
2024-10-06 9:08:19 AM;1728194914.058619;faceDown;-0.2807464599609375;0.1726837158203125;0.96234130859375;sitting
2024-10-06 9:08:19 AM;1728194914.108574;faceDown;-0.28033447265625;0.17254638671875;0.953948974609375;sitting
2024-10-06 9:08:19 AM;1728194914.158684;faceDown;-0.27996826171875;0.1747894287109375;0.96002197265625;sitting
2024-10-06 9:08:19 AM;1728194914.209;faceDown;-0.2798614501953125;0.1740264892578125;0.9586181640625;sitting
2024-10-06 9:08:19 AM;1728194914.2592158;faceDown;-0.2788848876953125;0.1770782470703125;0.955718994140625;sitting
2024-10-06 9:08:19 AM;1728194914.3094912;faceDown;-0.283843994140625;0.175567626953125;0.954833984375;sitting
2024-10-06 9:08:19 AM;1728194914.3597689;faceDown;-0.2861175537109375;0.17315673828125;0.958282470703125;sitting
2024-10-06 9:08:19 AM;1728194914.410162;faceDown;-0.2822265625;0.1709136962890625;0.95697021484375;sitting
2024-10-06 9:08:19 AM;1728194914.460431;faceDown;-0.283782958984375;0.1699066162109375;0.95703125;sitting
2024-10-06 9:08:19 AM;1728194914.5109859;faceDown;-0.27996826171875;0.173919677734375;0.9531402587890625;sitting
2024-10-06 9:08:19 AM;1728194914.561135;faceDown;-0.28033447265625;0.1761932373046875;0.9592132568359375;sitting
2024-10-06 9:08:19 AM;1728194914.61144;faceDown;-0.279052734375;0.1764984130859375;0.9557342529296875;sitting
2024-10-06 9:08:19 AM;1728194914.661619;faceDown;-0.281982421875;0.173126220703125;0.9549713134765625;sitting
2024-10-06 9:08:19 AM;1728194914.712023;faceDown;-0.2849273681640625;0.172698974609375;0.95794677734375;sitting
2024-10-06 9:08:19 AM;1728194914.7623858;faceDown;-0.2816162109375;0.17242431640625;0.95782470703125;sitting
2024-10-06 9:08:19 AM;1728194914.8126469;faceDown;-0.278228759765625;0.1744842529296875;0.957000732421875;sitting
2024-10-06 9:08:19 AM;1728194914.8629541;faceDown;-0.281585693359375;0.176177978515625;0.95526123046875;sitting
2024-10-06 9:08:19 AM;1728194914.9132829;faceDown;-0.2856597900390625;0.1760406494140625;0.957977294921875;sitting
2024-10-06 9:08:19 AM;1728194914.9634461;faceDown;-0.284942626953125;0.1742401123046875;0.952484130859375;sitting
2024-10-06 9:08:19 AM;1728194915.013982;faceDown;-0.2842254638671875;0.1718292236328125;0.96453857421875;sitting
2024-10-06 9:08:19 AM;1728194915.064094;faceDown;-0.2753143310546875;0.171630859375;0.9538726806640625;sitting
2024-10-06 9:08:19 AM;1728194915.1144872;faceDown;-0.2807159423828125;0.17279052734375;0.961273193359375;sitting
2024-10-06 9:08:19 AM;1728194915.1646252;faceDown;-0.278411865234375;0.1774749755859375;0.9542236328125;sitting
2024-10-06 9:08:19 AM;1728194915.2150779;faceDown;-0.2806854248046875;0.17138671875;0.9544830322265625;sitting
2024-10-06 9:08:19 AM;1728194915.265336;faceDown;-0.284332275390625;0.1753692626953125;0.96282958984375;sitting
2024-10-06 9:08:19 AM;1728194915.3157911;faceDown;-0.27978515625;0.172210693359375;0.9495391845703125;sitting
2024-10-06 9:08:19 AM;1728194915.367056;faceDown;-0.2840118408203125;0.176483154296875;0.9653167724609375;sitting
2024-10-06 9:08:19 AM;1728194915.417597;faceDown;-0.279327392578125;0.1713104248046875;0.9526519775390625;sitting
2024-10-06 9:08:19 AM;1728194915.4681358;faceDown;-0.278564453125;0.172607421875;0.962646484375;sitting
2024-10-06 9:08:19 AM;1728194915.517719;faceDown;-0.2807769775390625;0.1755828857421875;0.95465087890625;sitting
2024-10-06 9:08:19 AM;1728194915.56813;faceDown;-0.283233642578125;0.1722564697265625;0.9582366943359375;sitting
2024-10-06 9:08:19 AM;1728194915.6181412;faceDown;-0.281707763671875;0.1705474853515625;0.95654296875;sitting
2024-10-06 9:08:19 AM;1728194915.668042;faceDown;-0.282073974609375;0.173553466796875;0.953765869140625;sitting
2024-10-06 9:08:19 AM;1728194915.718133;faceDown;-0.2798004150390625;0.1779632568359375;0.9617919921875;sitting
2024-10-06 9:08:19 AM;1728194915.768337;faceDown;-0.2765350341796875;0.1667633056640625;0.9526824951171875;sitting
2024-10-06 9:08:19 AM;1728194915.8188481;faceDown;-0.2904815673828125;0.17572021484375;0.959716796875;sitting
2024-10-06 9:08:19 AM;1728194915.86901;faceDown;-0.281890869140625;0.17791748046875;0.9574127197265625;sitting
2024-10-06 9:08:19 AM;1728194915.918178;faceDown;-0.278778076171875;0.1706695556640625;0.9568939208984375;sitting
2024-10-06 9:08:19 AM;1728194915.967864;faceDown;-0.277069091796875;0.17071533203125;0.9600677490234375;sitting
2024-10-06 9:08:19 AM;1728194916.018104;faceDown;-0.28070068359375;0.171142578125;0.9561004638671875;sitting
2024-10-06 9:08:19 AM;1728194916.0676188;faceDown;-0.2847747802734375;0.174041748046875;0.9570770263671875;sitting
2024-10-06 9:08:19 AM;1728194916.1182919;faceDown;-0.2834320068359375;0.1765594482421875;0.95355224609375;sitting
2024-10-06 9:08:19 AM;1728194916.168525;faceDown;-0.279144287109375;0.1727142333984375;0.9594268798828125;sitting
2024-10-06 9:08:19 AM;1728194916.218714;faceDown;-0.2793121337890625;0.1719818115234375;0.9562225341796875;sitting
2024-10-06 9:08:19 AM;1728194916.268791;faceDown;-0.2843780517578125;0.166839599609375;0.959808349609375;sitting
2024-10-06 9:08:19 AM;1728194916.319199;faceDown;-0.283905029296875;0.16937255859375;0.9589385986328125;sitting
2024-10-06 9:08:19 AM;1728194916.369487;faceDown;-0.2819061279296875;0.1717529296875;0.9557342529296875;sitting
2024-10-06 9:08:19 AM;1728194916.419797;faceDown;-0.2772369384765625;0.1747894287109375;0.960540771484375;sitting
2024-10-06 9:08:19 AM;1728194916.470098;faceDown;-0.277557373046875;0.1683502197265625;0.95953369140625;sitting
2024-10-06 9:08:19 AM;1728194916.520577;faceDown;-0.2818756103515625;0.1750640869140625;0.9558868408203125;sitting
2024-10-06 9:08:19 AM;1728194916.5720959;faceDown;-0.2834930419921875;0.1670684814453125;0.9570465087890625;sitting
2024-10-06 9:08:19 AM;1728194916.622648;faceDown;-0.2776641845703125;0.1704254150390625;0.9627532958984375;sitting
2024-10-06 9:08:19 AM;1728194916.6728802;faceDown;-0.2768096923828125;0.175537109375;0.95172119140625;sitting
2024-10-06 9:08:19 AM;1728194916.723278;faceDown;-0.2819061279296875;0.17327880859375;0.956878662109375;sitting
2024-10-06 9:08:19 AM;1728194916.773387;faceDown;-0.28143310546875;0.167572021484375;0.9581756591796875;sitting
2024-10-06 9:08:19 AM;1728194916.823814;faceDown;-0.278472900390625;0.16339111328125;0.9608306884765625;sitting
2024-10-06 9:08:19 AM;1728194916.873855;faceDown;-0.27728271484375;0.1718902587890625;0.9588623046875;sitting
2024-10-06 9:08:19 AM;1728194916.92472;faceDown;-0.2747344970703125;0.1739654541015625;0.957855224609375;sitting
2024-10-06 9:08:19 AM;1728194916.9747;faceDown;-0.2783203125;0.169708251953125;0.96038818359375;sitting
2024-10-06 9:08:19 AM;1728194917.02523;faceDown;-0.27801513671875;0.1698760986328125;0.9558258056640625;sitting
2024-10-06 9:08:19 AM;1728194917.0752711;faceDown;-0.281524658203125;0.1741943359375;0.9612274169921875;sitting
2024-10-06 9:08:19 AM;1728194917.125636;faceDown;-0.2784271240234375;0.170989990234375;0.954803466796875;sitting
2024-10-06 9:08:19 AM;1728194917.1760569;faceDown;-0.2803192138671875;0.171875;0.9595184326171875;sitting
2024-10-06 9:08:19 AM;1728194917.228632;faceDown;-0.2768096923828125;0.1682891845703125;0.9583740234375;sitting
2024-10-06 9:08:19 AM;1728194917.278398;faceDown;-0.2792205810546875;0.168365478515625;0.960205078125;sitting
2024-10-06 9:08:19 AM;1728194917.327653;faceDown;-0.2776641845703125;0.1708984375;0.9573822021484375;sitting
2024-10-06 9:08:19 AM;1728194917.377728;faceDown;-0.2766265869140625;0.1709442138671875;0.9599456787109375;sitting
2024-10-06 9:08:19 AM;1728194917.4278789;faceDown;-0.277496337890625;0.170013427734375;0.9576263427734375;sitting
2024-10-06 9:08:19 AM;1728194917.4782481;faceDown;-0.27716064453125;0.172332763671875;0.9608306884765625;sitting
2024-10-06 9:08:19 AM;1728194917.5282059;faceDown;-0.2800445556640625;0.1721343994140625;0.95599365234375;sitting
2024-10-06 9:08:19 AM;1728194917.5782871;faceDown;-0.28173828125;0.1725921630859375;0.9604034423828125;sitting
2024-10-06 9:08:19 AM;1728194917.628799;faceDown;-0.2790374755859375;0.1735687255859375;0.9574127197265625;sitting
2024-10-06 9:08:19 AM;1728194917.67891;faceDown;-0.281036376953125;0.1648406982421875;0.961700439453125;sitting
2024-10-06 9:08:19 AM;1728194917.7295709;faceDown;-0.275848388671875;0.1678619384765625;0.956756591796875;sitting
2024-10-06 9:08:19 AM;1728194917.779584;faceDown;-0.280303955078125;0.168121337890625;0.9618988037109375;sitting
2024-10-06 9:08:19 AM;1728194917.8301358;faceDown;-0.2807769775390625;0.1739501953125;0.9545745849609375;sitting
2024-10-06 9:08:19 AM;1728194917.8801;faceDown;-0.27923583984375;0.1805877685546875;0.95758056640625;sitting
2024-10-06 9:08:19 AM;1728194917.930544;faceDown;-0.2792816162109375;0.1762237548828125;0.9538421630859375;sitting
2024-10-06 9:08:19 AM;1728194917.9807491;faceDown;-0.277069091796875;0.168060302734375;0.96337890625;sitting
2024-10-06 9:08:19 AM;1728194918.031413;faceDown;-0.2848358154296875;0.1648101806640625;0.95635986328125;sitting
2024-10-06 9:08:19 AM;1728194918.081528;faceDown;-0.29083251953125;0.169342041015625;0.954498291015625;sitting
2024-10-06 9:08:19 AM;1728194918.131929;faceDown;-0.276580810546875;0.1655731201171875;0.9615020751953125;sitting
2024-10-06 9:08:19 AM;1728194918.182056;faceDown;-0.2764434814453125;0.1598663330078125;0.9588623046875;sitting
2024-10-06 9:08:19 AM;1728194918.2325559;faceDown;-0.3117828369140625;0.2173004150390625;0.9529266357421875;sitting
2024-10-06 9:08:19 AM;1728194918.282764;faceDown;-0.265960693359375;0.181396484375;0.9346160888671875;sitting
2024-10-06 9:08:19 AM;1728194918.333212;faceDown;-0.284088134765625;0.1755218505859375;0.933746337890625;sitting
2024-10-06 9:08:19 AM;1728194918.383286;faceDown;-0.27581787109375;0.16497802734375;0.9815826416015625;sitting
2024-10-06 9:08:19 AM;1728194918.433608;faceDown;-0.2691192626953125;0.1597137451171875;0.9505615234375;sitting
2024-10-06 9:08:19 AM;1728194918.483845;faceDown;-0.286102294921875;0.178009033203125;0.9585418701171875;sitting
2024-10-06 9:08:19 AM;1728194918.534517;faceDown;-0.2863311767578125;0.1775970458984375;0.94970703125;sitting
2024-10-06 9:08:19 AM;1728194918.584652;faceDown;-0.2749176025390625;0.1756744384765625;0.96002197265625;sitting
2024-10-06 9:08:19 AM;1728194918.634994;faceDown;-0.273284912109375;0.1680908203125;0.964080810546875;sitting
2024-10-06 9:08:19 AM;1728194918.685015;faceDown;-0.275482177734375;0.167999267578125;0.955718994140625;sitting
2024-10-06 9:08:19 AM;1728194918.735763;faceDown;-0.28289794921875;0.1732177734375;0.957611083984375;sitting
2024-10-06 9:08:19 AM;1728194918.785707;faceDown;-0.2826995849609375;0.1722869873046875;0.95782470703125;sitting
2024-10-06 9:08:19 AM;1728194918.8361878;faceDown;-0.2784423828125;0.1708831787109375;0.9636688232421875;sitting
2024-10-06 9:08:19 AM;1728194918.888351;faceDown;-0.2728271484375;0.1683349609375;0.9557342529296875;sitting
2024-10-06 9:08:19 AM;1728194918.937793;faceDown;-0.272857666015625;0.1722412109375;0.959320068359375;sitting
2024-10-06 9:08:19 AM;1728194918.988421;faceDown;-0.2762603759765625;0.1703948974609375;0.9615478515625;sitting
2024-10-06 9:08:19 AM;1728194919.038466;faceDown;-0.2759246826171875;0.16961669921875;0.955352783203125;sitting
2024-10-06 9:08:19 AM;1728194919.0893722;faceDown;-0.2793731689453125;0.1711883544921875;0.963897705078125;sitting
2024-10-06 9:08:19 AM;1728194919.1387029;faceDown;-0.2726898193359375;0.1725616455078125;0.95599365234375;sitting
2024-10-06 9:08:19 AM;1728194919.188212;faceDown;-0.273529052734375;0.1762847900390625;0.9637298583984375;sitting
2024-10-06 9:08:19 AM;1728194919.238491;faceDown;-0.2718048095703125;0.17767333984375;0.9558563232421875;sitting
2024-10-06 9:08:19 AM;1728194919.288662;faceDown;-0.27166748046875;0.169677734375;0.9609832763671875;sitting
2024-10-06 9:08:19 AM;1728194919.339312;faceDown;-0.26983642578125;0.169036865234375;0.961273193359375;sitting
2024-10-06 9:08:19 AM;1728194919.3893719;faceDown;-0.2726898193359375;0.170989990234375;0.9602203369140625;sitting
2024-10-06 9:08:19 AM;1728194919.439749;faceDown;-0.274627685546875;0.17236328125;0.960479736328125;sitting
2024-10-06 9:08:19 AM;1728194919.489863;faceDown;-0.273651123046875;0.1736602783203125;0.9579315185546875;sitting
2024-10-06 9:08:19 AM;1728194919.5403209;faceDown;-0.2758331298828125;0.1733551025390625;0.9602203369140625;sitting
2024-10-06 9:08:19 AM;1728194919.591075;faceDown;-0.2717437744140625;0.17340087890625;0.959716796875;sitting
2024-10-06 9:08:19 AM;1728194919.641154;faceDown;-0.27203369140625;0.1754913330078125;0.9615936279296875;sitting
2024-10-06 9:08:19 AM;1728194919.691242;faceDown;-0.2742767333984375;0.169647216796875;0.9589691162109375;sitting
2024-10-06 9:08:19 AM;1728194919.741595;faceDown;-0.2731475830078125;0.1746673583984375;0.958984375;sitting
2024-10-06 9:08:19 AM;1728194919.7917562;faceDown;-0.2736358642578125;0.1739501953125;0.958038330078125;sitting
2024-10-06 9:08:19 AM;1728194919.842212;faceDown;-0.274993896484375;0.172760009765625;0.962982177734375;sitting
2024-10-06 9:08:19 AM;1728194919.8925629;faceDown;-0.271209716796875;0.1714935302734375;0.954620361328125;sitting
2024-10-06 9:08:19 AM;1728194919.943053;faceDown;-0.274261474609375;0.17108154296875;0.9635467529296875;sitting
2024-10-06 9:08:19 AM;1728194919.993288;faceDown;-0.2742919921875;0.1728668212890625;0.9567413330078125;sitting
2024-10-06 9:08:19 AM;1728194920.043404;faceDown;-0.27374267578125;0.1751708984375;0.959991455078125;sitting
2024-10-06 9:08:19 AM;1728194920.093548;faceDown;-0.273406982421875;0.1750640869140625;0.961151123046875;sitting
2024-10-06 9:08:19 AM;1728194920.1442451;faceDown;-0.273345947265625;0.173919677734375;0.9585113525390625;sitting
2024-10-06 9:08:19 AM;1728194920.194333;faceDown;-0.2751922607421875;0.1772003173828125;0.956298828125;sitting
2024-10-06 9:08:19 AM;1728194920.244869;faceDown;-0.2778167724609375;0.168914794921875;0.960418701171875;sitting
2024-10-06 9:08:19 AM;1728194920.2949271;faceDown;-0.2725677490234375;0.173187255859375;0.9592437744140625;sitting
2024-10-06 9:08:19 AM;1728194920.345218;faceDown;-0.2730712890625;0.1710205078125;0.9595794677734375;sitting
2024-10-06 9:08:19 AM;1728194920.395554;faceDown;-0.2739410400390625;0.175201416015625;0.9584197998046875;sitting
2024-10-06 9:08:19 AM;1728194920.447849;faceDown;-0.2760162353515625;0.17724609375;0.9589080810546875;sitting
2024-10-06 9:08:19 AM;1728194920.498018;faceDown;-0.280487060546875;0.172760009765625;0.9587860107421875;sitting
2024-10-06 9:08:19 AM;1728194920.548214;faceDown;-0.2772216796875;0.1710968017578125;0.95904541015625;sitting
2024-10-06 9:08:19 AM;1728194920.5983238;faceDown;-0.2758636474609375;0.1706085205078125;0.9591217041015625;sitting
2024-10-06 9:08:19 AM;1728194920.6455622;faceDown;-0.27117919921875;0.1728363037109375;0.9593353271484375;sitting
2024-10-06 9:08:19 AM;1728194920.6959429;faceDown;-0.2738800048828125;0.17340087890625;0.9608917236328125;sitting
2024-10-06 9:08:19 AM;1728194920.747981;faceDown;-0.275726318359375;0.174591064453125;0.9561614990234375;sitting
2024-10-06 9:08:19 AM;1728194920.798244;faceDown;-0.273956298828125;0.1726531982421875;0.9598541259765625;sitting
2024-10-06 9:08:19 AM;1728194920.84755;faceDown;-0.2764739990234375;0.1742706298828125;0.9591827392578125;sitting
2024-10-06 9:08:19 AM;1728194920.897635;faceDown;-0.2755889892578125;0.1708831787109375;0.958831787109375;sitting
2024-10-06 9:08:19 AM;1728194920.9478989;faceDown;-0.2757415771484375;0.1721343994140625;0.9603271484375;sitting
2024-10-06 9:08:19 AM;1728194920.998287;faceDown;-0.275146484375;0.1710052490234375;0.960205078125;sitting
2024-10-06 9:08:19 AM;1728194921.048337;faceDown;-0.272674560546875;0.1755828857421875;0.9578857421875;sitting
2024-10-06 9:08:19 AM;1728194921.098294;faceDown;-0.273712158203125;0.1754913330078125;0.9607696533203125;sitting
2024-10-06 9:08:19 AM;1728194921.1486712;faceDown;-0.275482177734375;0.170562744140625;0.957550048828125;sitting
2024-10-06 9:08:19 AM;1728194921.198921;faceDown;-0.2731475830078125;0.1736907958984375;0.963409423828125;sitting
2024-10-06 9:08:19 AM;1728194921.249304;faceDown;-0.27392578125;0.17181396484375;0.957275390625;sitting
2024-10-06 9:08:19 AM;1728194921.303365;faceDown;-0.2764129638671875;0.172393798828125;0.960601806640625;sitting
2024-10-06 9:08:19 AM;1728194921.353621;faceDown;-0.2753143310546875;0.173858642578125;0.959320068359375;sitting
2024-10-06 9:08:19 AM;1728194921.403923;faceDown;-0.2725067138671875;0.1733551025390625;0.9578857421875;sitting
2024-10-06 9:08:19 AM;1728194921.454603;faceDown;-0.274566650390625;0.17327880859375;0.9614105224609375;sitting
2024-10-06 9:08:19 AM;1728194921.5045319;faceDown;-0.273406982421875;0.17144775390625;0.95733642578125;sitting
2024-10-06 9:08:19 AM;1728194921.5548701;faceDown;-0.278594970703125;0.170501708984375;0.961822509765625;sitting
2024-10-06 9:08:19 AM;1728194921.6051478;faceDown;-0.27447509765625;0.1694793701171875;0.955108642578125;sitting
2024-10-06 9:08:19 AM;1728194921.655129;faceDown;-0.2752838134765625;0.17767333984375;0.9636383056640625;sitting
2024-10-06 9:08:19 AM;1728194921.705867;faceDown;-0.2716827392578125;0.1690826416015625;0.9568328857421875;sitting
2024-10-06 9:08:19 AM;1728194921.75613;faceDown;-0.273468017578125;0.1718597412109375;0.9586944580078125;sitting
2024-10-06 9:08:19 AM;1728194921.808251;faceDown;-0.27386474609375;0.172607421875;0.96148681640625;sitting
2024-10-06 9:08:19 AM;1728194921.8581939;faceDown;-0.272674560546875;0.17535400390625;0.957275390625;sitting
2024-10-06 9:08:19 AM;1728194921.907531;faceDown;-0.2751312255859375;0.1728668212890625;0.9607696533203125;sitting
2024-10-06 9:08:19 AM;1728194921.958333;faceDown;-0.272918701171875;0.17120361328125;0.9591522216796875;sitting
2024-10-06 9:08:19 AM;1728194922.00842;faceDown;-0.2726898193359375;0.1727752685546875;0.9589996337890625;sitting
2024-10-06 9:08:19 AM;1728194922.05829;faceDown;-0.274993896484375;0.174072265625;0.963226318359375;sitting
2024-10-06 9:08:19 AM;1728194922.108444;faceDown;-0.2710723876953125;0.1731109619140625;0.9569854736328125;sitting
2024-10-06 9:08:19 AM;1728194922.158592;faceDown;-0.271087646484375;0.1721038818359375;0.961334228515625;sitting
2024-10-06 9:08:19 AM;1728194922.208811;faceDown;-0.2734375;0.173126220703125;0.96026611328125;sitting
2024-10-06 9:08:19 AM;1728194922.2593431;faceDown;-0.272125244140625;0.173492431640625;0.9581756591796875;sitting
2024-10-06 9:08:19 AM;1728194922.309581;faceDown;-0.2734527587890625;0.1736907958984375;0.9608917236328125;sitting
2024-10-06 9:08:19 AM;1728194922.3598762;faceDown;-0.274658203125;0.1697235107421875;0.9576263427734375;sitting
2024-10-06 9:08:19 AM;1728194922.410132;faceDown;-0.2735748291015625;0.1763763427734375;0.9607391357421875;sitting
2024-10-06 9:08:19 AM;1728194922.4604821;faceDown;-0.2736663818359375;0.1707611083984375;0.960205078125;sitting
2024-10-06 9:08:19 AM;1728194922.510756;faceDown;-0.2728271484375;0.172454833984375;0.9575347900390625;sitting
2024-10-06 9:08:19 AM;1728194922.56106;faceDown;-0.272247314453125;0.1732177734375;0.9623565673828125;sitting
2024-10-06 9:08:19 AM;1728194922.611261;faceDown;-0.274566650390625;0.1740570068359375;0.960357666015625;sitting
2024-10-06 9:08:19 AM;1728194922.661725;faceDown;-0.2751312255859375;0.171875;0.95806884765625;sitting
2024-10-06 9:08:19 AM;1728194922.711882;faceDown;-0.27484130859375;0.17120361328125;0.96063232421875;sitting
2024-10-06 9:08:19 AM;1728194922.762329;faceDown;-0.275390625;0.1722412109375;0.9603118896484375;sitting
2024-10-06 9:08:19 AM;1728194922.812664;faceDown;-0.271148681640625;0.17388916015625;0.9603424072265625;sitting
2024-10-06 9:08:19 AM;1728194922.862978;faceDown;-0.2714080810546875;0.1755523681640625;0.958526611328125;sitting
2024-10-06 9:08:19 AM;1728194922.913173;faceDown;-0.272247314453125;0.1739044189453125;0.960357666015625;sitting
2024-10-06 9:08:19 AM;1728194922.963556;faceDown;-0.2722015380859375;0.1739959716796875;0.9588470458984375;sitting
2024-10-06 9:08:19 AM;1728194923.013883;faceDown;-0.2758026123046875;0.170989990234375;0.96087646484375;sitting
2024-10-06 9:08:19 AM;1728194923.064153;faceDown;-0.271270751953125;0.1737213134765625;0.95758056640625;sitting
2024-10-06 9:08:19 AM;1728194923.114437;faceDown;-0.2769775390625;0.17059326171875;0.963623046875;sitting
2024-10-06 9:08:19 AM;1728194923.164809;faceDown;-0.2725372314453125;0.17376708984375;0.9582672119140625;sitting
2024-10-06 9:08:19 AM;1728194923.214929;faceDown;-0.2752532958984375;0.173370361328125;0.96112060546875;sitting
2024-10-06 9:08:19 AM;1728194923.265582;faceDown;-0.2701416015625;0.1744232177734375;0.95941162109375;sitting
2024-10-06 9:08:19 AM;1728194923.315874;faceDown;-0.274017333984375;0.1778106689453125;0.959716796875;sitting
2024-10-06 9:08:19 AM;1728194923.3659868;faceDown;-0.274322509765625;0.17474365234375;0.958526611328125;sitting
2024-10-06 9:08:19 AM;1728194923.417686;faceDown;-0.2742156982421875;0.169708251953125;0.9593353271484375;sitting
2024-10-06 9:08:19 AM;1728194923.467572;faceDown;-0.2737579345703125;0.1714630126953125;0.9581146240234375;sitting
2024-10-06 9:08:19 AM;1728194923.517596;faceDown;-0.275787353515625;0.1725921630859375;0.961822509765625;sitting
2024-10-06 9:08:19 AM;1728194923.567679;faceDown;-0.273284912109375;0.17547607421875;0.9576873779296875;sitting
2024-10-06 9:08:19 AM;1728194923.617813;faceDown;-0.2712249755859375;0.175811767578125;0.95928955078125;sitting
2024-10-06 9:08:19 AM;1728194923.667807;faceDown;-0.2747650146484375;0.17315673828125;0.9591827392578125;sitting
2024-10-06 9:08:19 AM;1728194923.718017;faceDown;-0.2786865234375;0.170257568359375;0.95751953125;sitting
2024-10-06 9:08:19 AM;1728194923.768472;faceDown;-0.2744598388671875;0.1703948974609375;0.9585113525390625;sitting
2024-10-06 9:08:19 AM;1728194923.818702;faceDown;-0.27581787109375;0.16845703125;0.96142578125;sitting
2024-10-06 9:08:19 AM;1728194923.869084;faceDown;-0.2757568359375;0.18182373046875;0.9622650146484375;sitting
2024-10-06 9:08:19 AM;1728194923.919275;faceDown;-0.27935791015625;0.175262451171875;0.952117919921875;sitting
2024-10-06 9:08:19 AM;1728194923.969705;faceDown;-0.2804718017578125;0.1760711669921875;0.9592437744140625;sitting
2024-10-06 9:08:19 AM;1728194924.019697;faceDown;-0.274444580078125;0.1666107177734375;0.9586639404296875;sitting
2024-10-06 9:08:19 AM;1728194924.070529;faceDown;-0.2685089111328125;0.169769287109375;0.9542083740234375;sitting
2024-10-06 9:08:19 AM;1728194924.120998;faceDown;-0.2714080810546875;0.165557861328125;0.9596099853515625;sitting
2024-10-06 9:08:19 AM;1728194924.175483;faceDown;-0.2729644775390625;0.1728363037109375;0.949066162109375;sitting
2024-10-06 9:08:19 AM;1728194924.221174;faceDown;-0.29925537109375;0.1509552001953125;0.94525146484375;sitting
2024-10-06 9:08:19 AM;1728194924.271501;faceDown;-0.3045196533203125;0.2057952880859375;0.9814300537109375;sitting
2024-10-06 9:08:19 AM;1728194924.321885;faceDown;-0.2804107666015625;0.191131591796875;0.94921875;sitting
2024-10-06 9:08:19 AM;1728194924.3718019;faceDown;-0.2695465087890625;0.187225341796875;0.9656829833984375;sitting
2024-10-06 9:08:19 AM;1728194924.5218658;faceDown;-0.2604217529296875;0.1593170166015625;0.9622955322265625;sitting
2024-10-06 9:08:19 AM;1728194924.5253448;faceDown;-0.27325439453125;0.16552734375;0.96038818359375;sitting
2024-10-06 9:08:19 AM;1728194924.525691;faceDown;-0.294036865234375;0.17230224609375;0.9662017822265625;sitting
2024-10-06 9:08:19 AM;1728194924.573094;faceDown;-0.309478759765625;0.1991424560546875;0.9532012939453125;sitting
2024-10-06 9:08:19 AM;1728194924.623225;faceDown;-0.3187255859375;0.2161407470703125;0.9562530517578125;sitting
2024-10-06 9:08:19 AM;1728194924.673746;faceDown;-0.230499267578125;0.2729949951171875;0.9866790771484375;sitting
2024-10-06 9:08:19 AM;1728194924.7243109;faceDown;-0.3057098388671875;0.2703399658203125;0.970062255859375;sitting
2024-10-06 9:08:19 AM;1728194924.774325;faceDown;-0.3269195556640625;0.2120513916015625;0.923004150390625;sitting
2024-10-06 9:08:19 AM;1728194924.825088;faceDown;-0.25640869140625;0.166961669921875;0.876312255859375;sitting
2024-10-06 9:08:19 AM;1728194924.875193;faceDown;-0.298095703125;0.1863250732421875;0.9280548095703125;sitting
2024-10-06 9:08:19 AM;1728194924.9253988;faceDown;-0.2621002197265625;0.2834014892578125;1.0088958740234375;sitting
2024-10-06 9:08:19 AM;1728194924.975867;faceDown;-0.293731689453125;0.2054290771484375;0.925018310546875;sitting
2024-10-06 9:08:19 AM;1728194925.026087;faceDown;-0.2623138427734375;0.238067626953125;0.899932861328125;sitting
2024-10-06 9:08:19 AM;1728194925.078795;faceDown;-0.2357330322265625;0.230255126953125;0.9360504150390625;sitting
2024-10-06 9:08:19 AM;1728194925.1276631;faceDown;-0.2855377197265625;0.240936279296875;0.9207000732421875;sitting
2024-10-06 9:08:19 AM;1728194925.1778579;faceDown;-0.2305755615234375;0.278106689453125;0.9644622802734375;sitting
2024-10-06 9:08:19 AM;1728194925.228286;faceDown;-0.2984161376953125;0.3276824951171875;0.9774322509765625;sitting
2024-10-06 9:08:19 AM;1728194925.277425;faceDown;-0.2201995849609375;0.246063232421875;0.9226837158203125;sitting
2024-10-06 9:08:19 AM;1728194925.327777;faceDown;-0.2422027587890625;0.2912139892578125;1.0221405029296875;sitting
2024-10-06 9:08:19 AM;1728194925.3781528;faceDown;-0.232696533203125;0.2451934814453125;0.9346923828125;sitting
2024-10-06 9:08:19 AM;1728194925.429679;faceDown;-0.27398681640625;0.251617431640625;0.9404296875;sitting
2024-10-06 9:08:19 AM;1728194925.478473;faceDown;-0.279754638671875;0.3397674560546875;0.9897308349609375;sitting
2024-10-06 9:08:19 AM;1728194925.528829;faceDown;-0.3076019287109375;0.2587127685546875;0.9900970458984375;sitting
2024-10-06 9:08:19 AM;1728194925.579154;faceDown;-0.03594970703125;0.403411865234375;1.0231781005859375;sitting
2024-10-06 9:08:19 AM;1728194925.629684;faceDown;-0.2332916259765625;0.2357177734375;0.968109130859375;sitting
2024-10-06 9:08:19 AM;1728194925.6801581;faceDown;-0.2302398681640625;0.205322265625;0.9458770751953125;sitting
2024-10-06 9:08:19 AM;1728194929.4730759;faceDown;-0.1820068359375;0.2560577392578125;0.8944854736328125;sitting
2024-10-06 9:08:19 AM;1728194929.483859;faceUp;-0.138580322265625;0.2885589599609375;0.9561309814453125;sitting
2024-10-06 9:08:19 AM;1728194929.484415;faceUp;-0.22747802734375;0.2779998779296875;0.95367431640625;sitting
2024-10-06 9:08:19 AM;1728194929.484878;faceUp;-0.2212066650390625;0.18951416015625;0.9233245849609375;sitting
2024-10-06 9:08:19 AM;1728194929.4858608;faceUp;-0.1608734130859375;0.2863311767578125;0.943634033203125;sitting
2024-10-06 9:08:19 AM;1728194929.486349;faceUp;-0.3196563720703125;0.23187255859375;0.8928375244140625;sitting
2024-10-06 9:08:19 AM;1728194929.486767;faceUp;-0.529754638671875;0.0784454345703125;0.83758544921875;sitting
2024-10-06 9:08:19 AM;1728194929.4924998;faceUp;-0.1638336181640625;0.3926239013671875;1.009552001953125;sitting
2024-10-06 9:08:19 AM;1728194929.494317;faceUp;-0.328094482421875;0.1874542236328125;1.110870361328125;sitting
2024-10-06 9:08:19 AM;1728194929.495162;faceUp;-0.271392822265625;0.1972503662109375;0.94964599609375;sitting
2024-10-06 9:08:19 AM;1728194929.497575;faceUp;-0.219573974609375;0.287353515625;0.99798583984375;sitting
2024-10-06 9:08:19 AM;1728194929.497927;faceUp;-0.167327880859375;0.2226104736328125;0.869415283203125;sitting
2024-10-06 9:08:19 AM;1728194929.498392;faceUp;-0.2173309326171875;-0.0890960693359375;1.1050872802734375;sitting
2024-10-06 9:08:19 AM;1728194929.499282;faceUp;-0.1590118408203125;0.0032958984375;0.712310791015625;sitting
2024-10-06 9:08:19 AM;1728194929.499661;faceUp;-0.1527252197265625;0.1606903076171875;1.4206695556640625;sitting
2024-10-06 9:08:19 AM;1728194929.516206;faceUp;-0.127471923828125;0.2088470458984375;0.8664703369140625;sitting
2024-10-06 9:08:19 AM;1728194929.5166821;faceUp;-0.0774993896484375;0.234344482421875;1.11273193359375;sitting
2024-10-06 9:08:19 AM;1728194929.517122;faceUp;-0.164794921875;0.1585845947265625;0.9448089599609375;sitting
2024-10-06 9:08:19 AM;1728194929.5173569;faceUp;-0.2867279052734375;0.1656646728515625;0.8405609130859375;sitting
2024-10-06 9:08:19 AM;1728194929.517487;faceUp;-0.0808258056640625;0.36181640625;1.08251953125;sitting
2024-10-06 9:08:19 AM;1728194929.5176091;faceUp;-0.46612548828125;-0.25238037109375;0.7575836181640625;sitting
2024-10-06 9:08:19 AM;1728194929.517729;faceUp;-0.02667236328125;0.365447998046875;0.9575042724609375;sitting
2024-10-06 9:08:19 AM;1728194929.517848;faceUp;-0.244659423828125;-0.0172119140625;0.989288330078125;sitting
2024-10-06 9:08:19 AM;1728194929.5180511;faceUp;-0.1357574462890625;0.0802001953125;1.0294952392578125;sitting
2024-10-06 9:08:19 AM;1728194929.518179;faceUp;-0.056732177734375;0.0133056640625;0.9793548583984375;sitting
2024-10-06 9:08:19 AM;1728194929.518299;faceUp;-0.0040435791015625;0.164703369140625;1.14990234375;sitting
2024-10-06 9:08:19 AM;1728194929.5184212;faceUp;-0.046600341796875;0.187652587890625;1.07452392578125;sitting
2024-10-06 9:08:19 AM;1728194929.518573;faceUp;-1.2792510986328125;-0.834716796875;0.043365478515625;sitting
2024-10-06 9:08:19 AM;1728194929.5187101;faceUp;-0.3113250732421875;0.274749755859375;0.946075439453125;sitting
2024-10-06 9:08:19 AM;1728194929.518817;faceUp;0.5567626953125;0.0727386474609375;0.673126220703125;sitting
2024-10-06 9:08:19 AM;1728194929.5189528;faceUp;-0.26837158203125;0.104400634765625;0.935394287109375;sitting
2024-10-06 9:08:19 AM;1728194929.519073;faceUp;0.207305908203125;0.0946502685546875;0.9044647216796875;sitting
2024-10-06 9:08:19 AM;1728194929.519226;faceUp;-0.014129638671875;0.227325439453125;1.114410400390625;sitting
2024-10-06 9:08:19 AM;1728194929.519433;faceUp;-0.1909637451171875;0.951080322265625;0.7401275634765625;sitting
2024-10-06 9:08:19 AM;1728194929.519531;faceUp;-0.329986572265625;0.599395751953125;0.6879119873046875;sitting
2024-10-06 9:08:19 AM;1728194929.5196261;faceUp;-0.947540283203125;0.798858642578125;1.06292724609375;sitting
2024-10-06 9:08:19 AM;1728194929.519731;faceUp;-0.68402099609375;0.7445068359375;0.254913330078125;sitting
2024-10-06 9:08:19 AM;1728194929.519825;faceUp;-0.84539794921875;0.470916748046875;0.2727508544921875;sitting
2024-10-06 9:08:19 AM;1728194929.519923;faceUp;-0.1650543212890625;-0.6780548095703125;0.901947021484375;sitting
2024-10-06 9:08:19 AM;1728194929.5200272;faceUp;0.1327972412109375;-0.4463043212890625;-0.0771484375;sitting
2024-10-06 9:08:19 AM;1728194929.520134;faceUp;-0.9560394287109375;1.0407867431640625;0.281097412109375;sitting
2024-10-06 9:08:19 AM;1728194929.520226;faceUp;-0.7249908447265625;0.8033905029296875;0.56915283203125;sitting
2024-10-06 9:08:19 AM;1728194929.520382;faceUp;-0.5858306884765625;0.4497528076171875;0.5183868408203125;sitting
2024-10-06 9:08:19 AM;1728194929.5205941;faceUp;-0.69561767578125;0.5516815185546875;0.8228607177734375;sitting
2024-10-06 9:08:19 AM;1728194929.520749;faceUp;-0.5881805419921875;0.5743865966796875;0.61187744140625;sitting
2024-10-06 9:08:19 AM;1728194929.5208569;faceUp;-0.4466705322265625;0.4063262939453125;0.7181854248046875;sitting
2024-10-06 9:08:19 AM;1728194929.520951;faceUp;-0.7003021240234375;0.6328125;0.565704345703125;sitting
2024-10-06 9:08:19 AM;1728194929.521045;faceUp;-0.6008453369140625;0.402069091796875;0.7479248046875;sitting
2024-10-06 9:08:19 AM;1728194929.521138;faceUp;-0.582275390625;0.5392913818359375;0.52508544921875;sitting
2024-10-06 9:08:19 AM;1728194929.521236;faceUp;-0.18267822265625;0.423797607421875;0.37628173828125;sitting
2024-10-06 9:08:19 AM;1728194929.521329;faceUp;-0.823272705078125;0.558685302734375;0.525054931640625;sitting
2024-10-06 9:08:19 AM;1728194929.521421;faceUp;-0.55096435546875;-0.5487213134765625;0.5950775146484375;sitting
2024-10-06 9:08:19 AM;1728194929.5215359;faceUp;-0.6999053955078125;0.804962158203125;0.9983978271484375;sitting
2024-10-06 9:08:19 AM;1728194929.5216389;faceUp;-0.3434295654296875;0.881591796875;0.578155517578125;sitting
2024-10-06 9:08:19 AM;1728194929.5217419;faceUp;-0.94403076171875;0.9969635009765625;0.243988037109375;sitting
2024-10-06 9:08:19 AM;1728194929.5218549;faceUp;-0.3999786376953125;0.7642669677734375;0.5398406982421875;sitting
2024-10-06 9:08:19 AM;1728194929.5219579;faceUp;-0.4422760009765625;1.068267822265625;0.3212738037109375;sitting
2024-10-06 9:08:19 AM;1728194929.522081;faceUp;-1.1870574951171875;0.5992431640625;0.3813934326171875;sitting
2024-10-06 9:08:19 AM;1728194929.522208;faceUp;-0.0145111083984375;1.2901611328125;-0.6709747314453125;sitting
2024-10-06 9:08:19 AM;1728194929.522341;faceUp;-0.3429107666015625;0.7147064208984375;-0.723236083984375;sitting
2024-10-06 9:08:19 AM;1728194929.522465;faceUp;-0.5743408203125;0.5280609130859375;-0.290557861328125;sitting
2024-10-06 9:08:19 AM;1728194929.522589;faceUp;-0.0093994140625;0.3973236083984375;-0.6728668212890625;sitting
2024-10-06 9:08:19 AM;1728194929.522812;faceUp;-0.05120849609375;0.3966522216796875;-0.8874359130859375;sitting
2024-10-06 9:08:19 AM;1728194929.5229158;faceUp;0.090850830078125;0.27313232421875;-0.4896240234375;sitting
2024-10-06 9:08:19 AM;1728194929.52304;faceUp;0.207977294921875;0.2635498046875;-1.1446685791015625;sitting
2024-10-06 9:08:19 AM;1728194929.523158;faceUp;0.3262786865234375;0.2281646728515625;-1.1735382080078125;sitting
2024-10-06 9:08:19 AM;1728194929.523283;faceUp;-0.1142120361328125;0.3458251953125;-0.963836669921875;sitting
2024-10-06 9:08:19 AM;1728194929.523397;faceUp;-0.26031494140625;-0.4767608642578125;-2.0558013916015625;sitting
2024-10-06 9:08:19 AM;1728194929.523522;faceUp;-0.5151824951171875;-0.05010986328125;-0.7919464111328125;sitting
2024-10-06 9:08:19 AM;1728194929.523624;faceUp;-0.6178436279296875;-0.5561981201171875;-0.4449920654296875;sitting
2024-10-06 9:08:19 AM;1728194929.523727;faceUp;-0.195831298828125;-0.37078857421875;-1.031341552734375;sitting
2024-10-06 9:08:19 AM;1728194929.523829;faceUp;-0.1468963623046875;-0.35418701171875;-0.8278045654296875;sitting
2024-10-06 9:08:19 AM;1728194929.523932;faceUp;-0.120513916015625;-0.4905242919921875;-1.1218109130859375;sitting
2024-10-06 9:08:19 AM;1728194929.524034;faceUp;0.0151824951171875;-0.2947845458984375;-1.015106201171875;sitting
2024-10-06 9:08:19 AM;1728194929.524126;faceUp;-0.0103302001953125;-0.352020263671875;-0.948028564453125;sitting
2024-10-06 9:08:19 AM;1728194929.524266;faceUp;-0.0816497802734375;-0.3914031982421875;-0.9197540283203125;sitting
2024-10-06 9:08:19 AM;1728194929.549587;faceUp;-0.053680419921875;-0.2262725830078125;-0.8231048583984375;sitting
2024-10-06 9:08:19 AM;1728194929.802415;faceUp;-0.1786346435546875;-0.449249267578125;-0.8559417724609375;sitting
2024-10-06 9:08:19 AM;1728194929.8035479;portrait;0.0582275390625;-0.507476806640625;-0.8640289306640625;sitting
2024-10-06 9:08:19 AM;1728194929.803928;portrait;-0.0821075439453125;-0.657562255859375;-0.664520263671875;sitting
2024-10-06 9:08:19 AM;1728194929.804229;portrait;-0.04913330078125;-0.3476104736328125;-0.8501739501953125;sitting
2024-10-06 9:08:19 AM;1728194929.804735;portrait;-0.0630645751953125;-0.5092315673828125;-0.8399810791015625;sitting
2024-10-06 9:08:19 AM;1728194929.851832;portrait;-0.061614990234375;-0.46832275390625;-0.915679931640625;sitting
2024-10-06 9:08:19 AM;1728194929.901866;portrait;-0.058380126953125;-0.47039794921875;-0.9212646484375;sitting
2024-10-06 9:08:19 AM;1728194930.2901;faceUp;-0.073272705078125;-0.4726409912109375;-0.9120025634765625;sitting
2024-10-06 9:08:19 AM;1728194930.290709;faceUp;-0.038330078125;-0.4249267578125;-0.9314422607421875;sitting
2024-10-06 9:08:19 AM;1728194930.303869;faceUp;-0.0354766845703125;-0.47198486328125;-0.873382568359375;sitting
2024-10-06 9:08:19 AM;1728194930.304837;faceUp;-0.01300048828125;-0.3638153076171875;-0.9492645263671875;sitting
2024-10-06 9:08:19 AM;1728194930.305616;faceUp;-0.1488494873046875;-0.3435821533203125;-0.8412017822265625;sitting
2024-10-06 9:08:19 AM;1728194930.306515;faceUp;-0.040802001953125;-0.397918701171875;-0.7476806640625;sitting
2024-10-06 9:08:19 AM;1728194930.306953;faceUp;0.02606201171875;-0.458709716796875;-1.0200653076171875;sitting
2024-10-06 9:08:19 AM;1728194930.3072891;faceUp;-0.0698089599609375;-0.3727569580078125;-0.94970703125;sitting
2024-10-06 9:08:19 AM;1728194930.354454;faceUp;-0.027435302734375;-0.50469970703125;-0.783355712890625;sitting
2024-10-06 9:08:19 AM;1728194930.404817;faceUp;-0.011993408203125;-0.4891510009765625;-0.8674163818359375;sitting
2024-10-06 9:08:19 AM;1728194930.455087;faceUp;-0.0347900390625;-0.388824462890625;-0.8855133056640625;sitting
2024-10-06 9:08:19 AM;1728194930.505429;faceUp;-0.051483154296875;-0.427520751953125;-0.882781982421875;sitting
2024-10-06 9:08:19 AM;1728194930.55568;faceUp;-0.0426025390625;-0.4334869384765625;-0.8941497802734375;sitting
2024-10-06 9:08:19 AM;1728194930.606466;faceUp;-0.04437255859375;-0.4435882568359375;-0.8788299560546875;sitting
2024-10-06 9:08:19 AM;1728194930.656454;faceUp;-0.0322723388671875;-0.459014892578125;-0.897674560546875;sitting
2024-10-06 9:08:19 AM;1728194930.7067451;faceUp;-0.0405426025390625;-0.44488525390625;-0.8865203857421875;sitting
2024-10-06 9:08:19 AM;1728194930.7570438;faceUp;-0.024566650390625;-0.444244384765625;-0.8979339599609375;sitting
2024-10-06 9:08:19 AM;1728194930.807471;faceUp;-0.0387725830078125;-0.4479217529296875;-0.8763427734375;sitting
2024-10-06 9:08:19 AM;1728194930.857907;faceUp;-0.0370330810546875;-0.430816650390625;-0.8649139404296875;sitting
2024-10-06 9:08:19 AM;1728194930.907965;faceUp;-0.041473388671875;-0.4593048095703125;-0.8839111328125;sitting
2024-10-06 9:08:19 AM;1728194930.958685;faceUp;-0.041656494140625;-0.4528045654296875;-0.880767822265625;sitting
2024-10-06 9:08:19 AM;1728194931.008974;faceUp;-0.0385589599609375;-0.4625396728515625;-0.877960205078125;sitting
2024-10-06 9:08:19 AM;1728194931.059095;faceUp;-0.032012939453125;-0.4693756103515625;-0.8762664794921875;sitting
2024-10-06 9:08:19 AM;1728194931.109336;faceUp;-0.0256805419921875;-0.4471435546875;-0.85601806640625;sitting
2024-10-06 9:08:19 AM;1728194931.159737;faceUp;-0.02435302734375;-0.442718505859375;-0.8639678955078125;sitting
2024-10-06 9:08:19 AM;1728194931.2101068;faceUp;-0.0306243896484375;-0.4544219970703125;-0.8777008056640625;sitting
2024-10-06 9:08:19 AM;1728194931.260387;faceUp;-0.029876708984375;-0.4656982421875;-0.88323974609375;sitting
2024-10-06 9:08:19 AM;1728194931.3110662;faceUp;-0.029937744140625;-0.4586181640625;-0.872894287109375;sitting
2024-10-06 9:08:19 AM;1728194931.361069;faceUp;-0.0290069580078125;-0.4568328857421875;-0.886077880859375;sitting
2024-10-06 9:08:19 AM;1728194931.411398;faceUp;-0.0269012451171875;-0.4659271240234375;-0.8823699951171875;sitting
2024-10-06 9:08:19 AM;1728194931.4615679;faceUp;-0.0265045166015625;-0.466888427734375;-0.8660888671875;sitting
2024-10-06 9:08:19 AM;1728194931.51201;faceUp;-0.041961669921875;-0.4703369140625;-0.881317138671875;sitting
2024-10-06 9:08:19 AM;1728194931.562274;faceUp;0.0023040771484375;-0.4562530517578125;-0.799072265625;sitting
