time,seconds_elapsed,z,y,x
1728893808618158600,0.07515869140625,10.687716484069824,1.479616641998291,-0.14604631066322327
1728893808628138000,0.085137939453125,10.706870079040527,1.4676456451416016,-0.14844051003456116
1728893808638117000,0.0951171875,10.649409294128418,1.9991583824157715,-0.15322890877723694
1728893808648096500,0.105096435546875,10.453084945678711,2.38462495803833,0.11013327538967133
1728893808658075600,0.11507568359375,11.065999984741211,2.410961151123047,0.21787235140800476
1728893808668055000,0.125054931640625,10.797849655151367,2.229001760482788,0.05746084079146385
1728893808678034200,0.1350341796875,10.457873344421387,2.2649147510528564,0.06224924325942993
1728893808688044000,0.1450439453125,10.101137161254883,2.382230758666992,0.10055647045373917
1728893808698023200,0.155023193359375,9.684545516967773,2.499546527862549,0.15562310814857483
1728893808708002600,0.16500244140625,9.311050415039062,2.6192567348480225,0.15083470940589905
1728893808717981700,0.174981689453125,9.121908187866211,2.5929205417633057,0.016759412363171577
1728893808727991600,0.184991455078125,8.801085472106934,2.5450363159179688,-0.17477671802043915
1728893808738001200,0.195001220703125,8.283937454223633,2.5785553455352783,-0.4572925269603729
1728893808748011000,0.205010986328125,7.762001991271973,3.0166940689086914,-0.3878606855869293
1728893808757990100,0.214990234375,8.367734909057617,2.647987127304077,-0.8188169598579407
1728893808767969500,0.224969482421875,9.100360870361328,2.47560453414917,-0.9624691009521484
1728893808777918200,0.234918212890625,9.818621635437012,2.4684219360351562,-1.0007762908935547
1728893808787897600,0.244897705078125,10.046070098876953,2.4205379486083984,-1.0582371950149536
1728893808797907200,0.2549072265625,9.674968719482422,2.434903144836426,-1.1324573755264282
1728893808807917000,0.2649169921875,9.394847869873047,2.7126305103302,-1.0749965906143188
1728893808817926700,0.2749267578125,9.368511199951172,3.098097085952759,-0.9169792532920837
1728893808827906000,0.284906005859375,9.763554573059082,3.205836057662964,-0.8667010068893433
1728893808837885200,0.29488525390625,10.299856185913086,3.0861260890960693,-0.8571242094039917
1728893808847864600,0.304864501953125,11.130643844604492,2.9951462745666504,-0.5554547905921936
1728893808857843700,0.31484375,9.835380554199219,2.564189910888672,-0.6919242739677429
1728893808867853600,0.324853515625,10.611102104187012,2.52109432220459,-0.1149216815829277
1728893808877832700,0.334832763671875,9.39245319366455,2.3080103397369385,-0.1604115068912506
1728893808887812000,0.34481201171875,9.17697525024414,2.4133553504943848,0.05746084079146385
1728893808897791200,0.354791259765625,9.385271072387695,2.188300371170044,-0.2968810200691223
1728893808907801000,0.364801025390625,9.648633003234863,2.1595699787139893,-0.24899697303771973
1728893808917810700,0.374810791015625,9.394847869873047,2.142810583114624,-0.23702596127986908
1728893808927820500,0.384820556640625,9.241618156433105,2.1739351749420166,-0.2298433631658554
1728893808937800000,0.394800048828125,9.167398452758789,2.2457611560821533,-0.12449848651885986
1728893808947779000,0.404779052734375,9.17936897277832,2.255337953567505,-0.07182604819536209
1728893808957758200,0.41475830078125,9.05247688293457,2.070984363555908,0.014365210197865963
1728893808967737600,0.424737548828125,9.181763648986816,2.0805611610412598,-0.1628057211637497
1728893808977716700,0.434716796875,9.402029991149902,2.207453966140747,-0.019153613597154617
1728893808987696000,0.444696044921875,9.62947940826416,2.3774423599243164,0.009576806798577309
1728893808997675300,0.45467529296875,9.679757118225098,2.5665841102600098,0.035913024097681046
1728893809007654700,0.464654541015625,9.564835548400879,2.604891538619995,-0.009576806798577309
1728893809017633800,0.4746337890625,9.342175483703613,2.499546527862549,-0.16759411990642548
1728893809027613200,0.48461328125,9.121908187866211,2.6192567348480225,-0.07661445438861847
1728893809037592300,0.49459228515625,9.05487060546875,2.762908697128296,-0.3998316824436188
1728893809047571500,0.504571533203125,9.255983352661133,2.920926094055176,-0.395043283700943
1728893809057550800,0.51455078125,9.514557838439941,3.002328872680664,-0.4213795065879822
1728893809067530000,0.524530029296875,9.684545516967773,2.980781078338623,-0.5650315880775452
1728893809077509400,0.53450927734375,9.641449928283691,3.0621838569641113,-0.3878606855869293
1728893809087488500,0.544488525390625,9.5624418258667,3.0526070594787598,-0.2561795711517334
1728893809097437200,0.554437255859375,9.591172218322754,3.0789434909820557,-0.19871874153614044
1728893809107447000,0.564447021484375,9.48343276977539,3.064578056335449,0.13168109953403473
1728893809117426200,0.57442626953125,9.418789863586426,2.942473888397217,0.3208230137825012
1728893809127436000,0.58443603515625,9.59596061706543,2.889801502227783,0.9241618514060974
1728893809137446000,0.59444580078125,9.184157371520996,2.628833532333374,-0.19632454216480255
1728893809147455500,0.60445556640625,9.119514465332031,2.7006595134735107,-0.871489405632019
1728893809157435000,0.614434814453125,9.622296333312988,2.669534921646118,-0.4884171485900879
1728893809167414000,0.6244140625,10.014945983886719,2.3535003662109375,-0.3064578175544739
1728893809177393400,0.634393310546875,10.005369186401367,2.3750481605529785,-0.3878606855869293
1728893809187372500,0.64437255859375,9.971850395202637,2.410961151123047,-0.27054479718208313
1728893809197352000,0.65435205078125,10.077195167541504,2.38462495803833,1.1827356815338135
1728893809207331000,0.6643310546875,9.514557838439941,2.3511061668395996,0.21787235140800476
1728893809217310200,0.674310302734375,9.567230224609375,2.4827871322631836,-0.6105214357376099
1728893809227289600,0.68428955078125,9.785101890563965,2.3918075561523438,-0.6129156351089478
1728893809237268700,0.694268798828125,9.785101890563965,2.1140801906585693,-0.42856210470199585
1728893809247248100,0.704248046875,9.720458984375,1.8363527059555054,-0.33997663855552673
1728893809257227300,0.714227294921875,9.564835548400879,1.8315643072128296,-0.47165772318840027
1728893809267206700,0.72420654296875,9.57441234588623,1.9847931861877441,-0.5339069962501526
1728893809277185800,0.734185791015625,9.672574996948242,2.1284453868865967,-0.545877993106842
1728893809287165200,0.744165283203125,9.627084732055664,2.118868589401245,-0.6272808313369751
1728893809297144300,0.754144287109375,9.543288230895996,2.1523873805999756,-0.6488286852836609
1728893809307123500,0.76412353515625,9.57441234588623,2.27209734916687,-0.5386953949928284
1728893809317102800,0.774102783203125,9.57201862335205,2.252943754196167,-0.40222588181495667
1728893809327112400,0.784112548828125,9.5408935546875,2.3127987384796143,-0.4165911078453064
1728893809337122300,0.794122314453125,9.385271072387695,2.3271639347076416,-0.29209262132644653
1728893809347132200,0.804132080078125,9.138668060302734,2.365471363067627,-0.1364694982767105
1728893809357111300,0.814111328125,9.339780807495117,2.3127987384796143,-0.304063618183136
1728893809367121200,0.82412109375,9.406818389892578,2.3702597618103027,-0.3519476354122162
1728893809377100300,0.834100341796875,9.493009567260742,2.3798365592956543,-0.29209262132644653
1728893809387110100,0.844110107421875,9.57201862335205,2.3750481605529785,-0.304063618183136
1728893809397089300,0.85408935546875,9.701305389404297,2.4157495498657227,-0.363918662071228
1728893809407068700,0.864068603515625,9.794678688049316,2.5091233253479004,-0.3423708379268646
1728893809417047800,0.8740478515625,9.859322547912598,2.561795711517334,-0.3256114423274994
1728893809427027200,0.884027099609375,9.921571731567383,2.5977089405059814,-0.3878606855869293
1728893809437006300,0.89400634765625,9.967061996459961,2.604891538619995,-0.40462008118629456
1728893809446985700,0.90398583984375,9.99100399017334,2.5977089405059814,-0.38546648621559143
1728893809456964900,0.91396484375,9.964667320251465,2.5665841102600098,-0.40222588181495667
1728893809466944000,0.923944091796875,9.892841339111328,2.5522189140319824,-0.40222588181495667
1728893809476923400,0.93392333984375,9.770736694335938,2.5282769203186035,-0.395043283700943
1728893809486902500,0.943902587890625,9.715670585632324,2.540247917175293,-0.3663128614425659
1728893809496882000,0.9538818359375,9.75397777557373,2.516305923461914,-0.3447650372982025
1728893809506861000,0.963861083984375,9.78989028930664,2.4684219360351562,-0.3495534360408783
1728893809516840400,0.97384033203125,9.734824180603027,2.43011474609375,-0.4165911078453064
1728893809526819600,0.983819580078125,9.646238327026367,2.4636335372924805,-0.40940847992897034
1728893809536799000,0.993799072265625,9.622296333312988,2.4827871322631836,-0.35434186458587646
1728893809546778000,1.003778076171875,9.639056205749512,2.4875755310058594,-0.2849099934101105
1728893809556757200,1.01375732421875,9.643844604492188,2.5019407272338867,-0.20350714027881622
1728893809566736600,1.023736572265625,9.605537414550781,2.499546527862549,-0.13407529890537262
1728893809576715800,1.0337158203125,9.569623947143555,2.4875755310058594,-0.08619125932455063
1728893809586725600,1.0437255859375,9.622296333312988,2.4133553504943848,-0.0694318488240242
1728893809596674300,1.05367431640625,9.514557838439941,2.360682964324951,-0.016759412363171577
1728893809606653700,1.06365380859375,9.440337181091309,2.38462495803833,-0.011971008032560349
1728893809616602400,1.073602294921875,9.500192642211914,2.456450939178467,0.047884032130241394
1728893809626612000,1.083612060546875,9.564835548400879,2.4684219360351562,0.09816227108240128
1728893809636591400,1.09359130859375,9.50498104095459,2.4851813316345215,0.12210428714752197
1728893809646601200,1.103601318359375,9.490615844726562,2.518700122833252,0.038307227194309235
1728893809656610800,1.11361083984375,9.5624418258667,2.561795711517334,-0.014365210197865963
1728893809666620700,1.12362060546875,9.512163162231445,2.63362193107605,-0.090979665517807
1728893809676599800,1.133599853515625,9.464279174804688,2.6886885166168213,-0.15322890877723694
1728893809686579200,1.1435791015625,9.497797966003418,2.715024709701538,-0.1388636976480484
1728893809696558300,1.153558349609375,9.519346237182617,2.7940332889556885,-0.26336219906806946
1728893809706568200,1.163568115234375,9.639056205749512,2.9735984802246094,-0.3711012601852417
1728893809716547300,1.17354736328125,9.526528358459473,3.066972494125366,-0.37828385829925537
1728893809726526700,1.183526611328125,9.349357604980469,3.1004912853240967,-0.3495534360408783
1728893809736505900,1.193505859375,9.255983352661133,3.1052796840667725,-0.35913026332855225
1728893809746485200,1.2034853515625,9.21288776397705,3.1244332790374756,-0.43335050344467163
1728893809756464400,1.21346435546875,9.311050415039062,3.1316158771514893,-0.49799394607543945
1728893809766443500,1.223443603515625,9.425971984863281,3.1651346683502197,-0.586579442024231
1728893809776423000,1.2334228515625,9.588777542114258,3.184288263320923,-0.6751648783683777
1728893809786402000,1.243402099609375,9.720458984375,3.1531636714935303,-0.7589619159698486
1728893809796381400,1.25338134765625,9.782708168029785,3.19865345954895,-0.7996633648872375
1728893809806360600,1.263360595703125,9.835380554199219,3.2417490482330322,-0.8092401623725891
1728893809816340000,1.273340087890625,9.718064308166504,3.270479440689087,-0.7541735172271729
1728893809826319000,1.283319091796875,9.59835433959961,3.24414324760437,-0.6560112833976746
1728893809836298200,1.29329833984375,9.593565940856934,3.1268274784088135,-0.6033388376235962
1728893809846277600,1.303277587890625,9.5408935546875,3.0382418632507324,-0.6129156351089478
1728893809856256800,1.3132568359375,9.430760383605957,3.026270866394043,-0.5985504388809204
1728893809866236200,1.323236083984375,9.423578262329102,2.983175277709961,-0.5793967843055725
1728893809876215300,1.33321533203125,9.464279174804688,2.96162748336792,-0.5291185975074768
1728893809886194700,1.343194580078125,9.497797966003418,2.913743495941162,-0.49799394607543945
1728893809896173800,1.353173828125,9.50498104095459,2.8227639198303223,-0.4620809257030487
1728893809906153200,1.3631533203125,9.548076629638672,2.7293899059295654,-0.4429273009300232
1728893809916132400,1.37313232421875,9.742006301879883,2.6431987285614014,-0.47165772318840027
1728893809926111500,1.383111572265625,9.895236015319824,2.5689783096313477,-0.5003881454467773
1728893809936091000,1.3930908203125,10.072406768798828,2.5665841102600098,-0.5554547905921936
1728893809946070000,1.403070068359375,10.017339706420898,2.650381326675415,-0.6416460275650024
1728893809956049400,1.41304931640625,10.043676376342773,2.736572504043579,-0.586579442024231
1728893809966028500,1.423028564453125,9.964667320251465,2.786850690841675,-0.4884171485900879
1728893809976008000,1.433008056640625,9.854534149169922,2.8227639198303223,-0.4189853072166443
1728893809985987000,1.442987060546875,9.823410034179688,2.7916390895843506,-0.5267243981361389
1728893809995966200,1.45296630859375,10.144232749938965,2.873042106628418,-0.5961562395095825
1728893810005976000,1.46297607421875,10.56800651550293,3.0358476638793945,-0.608127236366272
1728893810015924700,1.4729248046875,11.027692794799805,3.224989652633667,-0.6200982332229614
1728893810025934600,1.4829345703125,11.27190113067627,3.4308910369873047,-0.6344634294509888
1728893810035913700,1.492913818359375,11.307814598083496,3.4404678344726562,-0.5554547905921936
1728893810045923600,1.502923583984375,11.42752456665039,3.4763808250427246,-0.47884035110473633
1728893810055903000,1.512903076171875,11.597513198852539,3.3016040325164795,-0.3926490843296051
1728893810065912600,1.52291259765625,11.556811332702637,3.0621838569641113,-0.35434186458587646
1728893810075922400,1.53292236328125,11.446678161621094,2.7557260990142822,-0.30885201692581177
1728893810085901600,1.542901611328125,11.21204662322998,2.497152328491211,-0.1867477297782898
1728893810095881000,1.552880859375,10.986991882324219,2.2697031497955322,-0.047884032130241394
1728893810105890600,1.562890625,10.833763122558594,2.073378562927246,0.0694318488240242
1728893810115870000,1.572869873046875,10.620678901672363,1.8052281141281128,0.15562310814857483
1728893810125910300,1.58291015625,10.20887565612793,1.5873557329177856,0.2106897532939911
1728893810135889400,1.592889404296875,9.773131370544434,1.3934253454208374,0.11971008777618408
1728893810145868800,1.602868896484375,9.619902610778809,1.3048399686813354,-0.05027823522686958
1728893810155848000,1.612847900390625,9.497797966003418,1.2880805730819702,-0.22744916379451752
1728893810165857800,1.62285791015625,9.39245319366455,1.2832920551300049,-0.40940847992897034
1728893810175867400,1.632867431640625,9.485827445983887,1.2234370708465576,-0.6703764796257019
1728893810185846800,1.6428466796875,9.526528358459473,1.2018892765045166,-0.8451532125473022
1728893810195826000,1.652825927734375,9.478644371032715,1.1420341730117798,-0.9097966551780701
1728893810205805300,1.662805419921875,9.50498104095459,1.0893617868423462,-0.9433154463768005
1728893810215754000,1.67275390625,9.552865028381348,1.0845733880996704,-0.9313444495201111
1728893810225763600,1.682763671875,9.442731857299805,1.0845733880996704,-0.9528923034667969
1728893810235773400,1.6927734375,9.26795482635498,1.235408067703247,-0.9361328482627869
1728893810245752800,1.7027529296875,9.083600997924805,1.3503297567367554,-0.8690952062606812
1728893810255732000,1.71273193359375,9.069235801696777,1.3910311460494995,-0.7852981686592102
1728893810265711000,1.722711181640625,8.966285705566406,1.4508862495422363,-0.7182605266571045
1728893810275721000,1.732720947265625,8.820239067077637,1.4963760375976562,-0.7038952708244324
1728893810285730800,1.742730712890625,8.777143478393555,1.5610195398330688,-0.6871358752250671
1728893810295710000,1.7527099609375,8.681375503540039,1.5729905366897583,-0.6607996821403503
1728893810305689300,1.762689453125,8.485051155090332,1.6663644313812256,-0.6105214357376099
1728893810315668500,1.77266845703125,8.415618896484375,1.7956513166427612,-0.6272808313369751
1728893810325708800,1.782708740234375,8.427590370178223,1.9536685943603516,-0.689530074596405
1728893810335688000,1.79268798828125,8.29590892791748,2.0829553604125977,-0.6536170840263367
1728893810345667300,1.802667236328125,8.233659744262695,2.097320795059204,-0.7086837291717529
1728893810355646500,1.812646484375,8.324639320373535,2.123656988143921,-0.7948749661445618
1728893810365656300,1.82265625,8.453926086425781,2.1547815799713135,-0.8212111592292786
1728893810375666000,1.832666015625,8.547300338745117,2.164358377456665,-0.8403648138046265
1728893810385675800,1.84267578125,8.65982723236084,2.252943754196167,-0.7996633648872375
1728893810395655200,1.8526552734375,8.731653213500977,2.3295583724975586,-0.7445967197418213
1728893810405634300,1.86263427734375,8.789113998413086,2.4013843536376953,-0.6727706789970398
1728893810415613400,1.872613525390625,8.925583839416504,2.4875755310058594,-0.6655880808830261
1728893810425623300,1.882623291015625,9.078812599182129,2.5282769203186035,-0.6416460275650024
1728893810435633200,1.892633056640625,9.14585018157959,2.5761611461639404,-0.6272808313369751
1728893810445612300,1.9026123046875,9.169792175292969,2.6168625354766846,-0.569819986820221
1728893810455591700,1.912591796875,9.277531623840332,2.6144683361053467,-0.5410895943641663
1728893810465570800,1.92257080078125,9.38048267364502,2.5713725090026855,-0.5339069962501526
1728893810475550000,1.932550048828125,9.277531623840332,2.5905263423919678,-0.5267243981361389
1728893810485529300,1.942529296875,9.260771751403809,2.6360161304473877,-0.5650315880775452
1728893810495508500,1.952508544921875,9.35654067993164,2.7078421115875244,-0.545877993106842
1728893810505488000,1.96248779296875,9.390059471130371,2.782062292098999,-0.47165772318840027
1728893810515467000,1.972467041015625,9.287108421325684,2.8874073028564453,-0.43095630407333374
1728893810525446400,1.9824462890625,9.126696586608887,3.0119056701660156,-0.4644751250743866
1728893810535425500,1.992425537109375,9.21288776397705,3.0358476638793945,-0.5003881454467773
1728893810545405000,2.002405029296875,9.10993766784668,3.0573954582214355,-0.5099649429321289
1728893810555384000,2.012384033203125,8.96149730682373,3.090914487838745,-0.4644751250743866
1728893810565363200,2.02236328125,8.875306129455566,3.090914487838745,-0.44532153010368347
1728893810575342600,2.032342529296875,8.80587387084961,3.0813376903533936,-0.45010992884635925
1728893810585321700,2.04232177734375,8.80587387084961,3.1004912853240967,-0.47165772318840027
1728893810595270700,2.052270751953125,8.918401718139648,3.1196448802948,-0.5291185975074768
1728893810605280300,2.0622802734375,9.162610054016113,3.0526070594787598,-0.5770025849342346
1728893810615290000,2.0722900390625,9.220070838928223,2.980781078338623,-0.569819986820221
1728893810625299700,2.0822998046875,9.217676162719727,2.873042106628418,-0.5482721924781799
1728893810635279000,2.092279052734375,9.208099365234375,2.7988216876983643,-0.5650315880775452
1728893810645289000,2.1022890625,9.29189682006836,2.7892448902130127,-0.5674257874488831
1728893810655268000,2.11226806640625,9.279925346374512,2.674323320388794,-0.545877993106842
1728893810665247200,2.122247314453125,9.402029991149902,2.5522189140319824,-0.5434837937355042
1728893810675226600,2.1322265625,9.564835548400879,2.497152328491211,-0.5530605912208557
1728893810685205800,2.142205810546875,9.854534149169922,2.5450363159179688,-0.5961562395095825
1728893810695185200,2.15218505859375,10.007762908935547,2.580949544906616,-0.6392518281936646
1728893810705164300,2.162164306640625,10.125079154968262,2.655169725418091,-0.7254431247711182
1728893810715143700,2.172143798828125,10.56800651550293,2.829946517944336,-0.8236053586006165
1728893810725122800,2.182122802734375,11.195286750793457,3.1100680828094482,-0.9050082564353943
1728893810735102000,2.19210205078125,12.006921768188477,3.397372245788574,-0.950498104095459
1728893810745111800,2.20211181640625,12.600683212280273,3.7038300037384033,-0.912190854549408
1728893810755091200,2.21209130859375,12.607866287231445,3.8522706031799316,-0.7757213711738586
1728893810765070300,2.2220703125,12.198457717895508,3.8091750144958496,-0.5985504388809204
1728893810775049500,2.232049560546875,11.712434768676758,3.7253777980804443,-0.45250412821769714
1728893810785059300,2.242059326171875,11.499350547790527,3.4596214294433594,-0.45250412821769714
1728893810795038700,2.252038818359375,11.456254959106445,3.2154128551483154,-0.47884035110473633
1728893810805048300,2.26204833984375,11.563994407653809,2.8610711097717285,-0.6224924325942993
1728893810815027700,2.27202783203125,12.069170951843262,2.319981336593628,-0.7996633648872375
1728893810825037300,2.282037353515625,12.344504356384277,1.8411411046981812,-1.015141487121582
1728893810835016700,2.2920166015625,12.370840072631836,1.5825673341751099,-1.0127472877502441
1728893810844995800,2.301995849609375,12.018892288208008,1.3623007535934448,-0.912190854549408
1728893810854944500,2.311944580078125,11.475408554077148,1.1228805780410767,-0.7637503147125244
1728893810864954400,2.321954345703125,11.049241065979004,0.9385270476341248,-0.5817909836769104
1728893810874933500,2.33193359375,10.76193618774414,0.8068459630012512,-0.4620809257030487
1728893810884943400,2.341943359375,10.539276123046875,0.7254431247711182,-0.3687070608139038
1728893810894953200,2.351953125,10.54406452178955,0.6224924325942993,-0.4141969084739685
1728893810904962800,2.361962890625,10.47702693939209,0.6153098344802856,-0.38307225704193115
1728893810914972700,2.37197265625,10.254365921020508,0.7038952708244324,-0.3687070608139038
1728893810924982500,2.381982421875,10.110713958740234,0.8068459630012512,-0.28730419278144836
1728893810934992100,2.3919921875,9.974244117736816,0.9145850539207458,-0.22505496442317963
1728893810945002000,2.402001953125,9.667786598205566,1.0103530883789062,-0.16998831927776337
1728893810954981000,2.411981201171875,9.301473617553711,1.048660397529602,-0.05027823522686958
1728893810964991000,2.421990966796875,9.066842079162598,0.950498104095459,0.043095629662275314
1728893810974970000,2.43197021484375,8.813055992126465,0.849941611289978,0.16519992053508759
1728893810984949500,2.441949462890625,8.497021675109863,0.8978256583213806,0.26096799969673157
1728893810994928600,2.4519287109375,8.226476669311523,0.9983820915222168,0.26336219906806946
1728893811004908000,2.461907958984375,8.087613105773926,1.0582371950149536,0.2753331959247589
1728893811014887200,2.47188720703125,8.003816604614258,1.070208191871643,0.29209262132644653
1728893811024866600,2.481866455078125,7.903259754180908,1.1204863786697388,0.20111294090747833
1728893811034845700,2.491845703125,7.872135162353516,1.2449848651885986,0.10295066982507706
1728893811044825000,2.5018251953125,7.908048152923584,1.2832920551300049,0.023942016065120697
1728893811054804200,2.51180419921875,7.936778545379639,1.3263877630233765,-0.038307227194309235
1728893811064814000,2.52181396484375,7.955932140350342,1.4532804489135742,-0.09576806426048279
1728893811074793200,2.531793212890625,8.061277389526367,1.5825673341751099,-0.10773907601833344
1728893811084772600,2.541772705078125,8.216899871826172,1.680729627609253,-0.10295066982507706
1728893811094751700,2.551751708984375,8.394071578979492,1.802833914756775,-0.06464344263076782
1728893811104731000,2.56173095703125,8.47547435760498,1.922544002532959,-0.07422025501728058
1728893811114710300,2.571710205078125,8.53293514251709,2.051830768585205,-0.09576806426048279
1728893811124689400,2.581689453125,8.640673637390137,2.142810583114624,-0.12449848651885986
1728893811134668800,2.591668701171875,8.664615631103516,2.2601263523101807,-0.21787235140800476
1728893811144648000,2.60164794921875,8.678980827331543,2.403778553009033,-0.2968810200691223
1728893811154627300,2.61162744140625,8.832210540771484,2.513911724090576,-0.36152446269989014
1728893811164606500,2.6216064453125,9.02135181427002,2.626439332962036,-0.4213795065879822
1728893811174585600,2.631585693359375,9.294290542602539,2.7126305103302,-0.5123591423034668
1728893811184565000,2.64156494140625,9.495404243469238,2.7964274883270264,-0.5817909836769104
1728893811194544000,2.651544189453125,9.567230224609375,2.9161376953125,-0.5817909836769104
1728893811204523500,2.6615234375,9.581595420837402,2.9735984802246094,-0.5267243981361389
1728893811214502700,2.671502685546875,9.63187313079834,2.9328970909118652,-0.4572925269603729
1728893811224482000,2.68148193359375,9.579200744628906,3.023876667022705,-0.4141969084739685
1728893811234430700,2.6914306640625,9.485827445983887,3.1004912853240967,-0.395043283700943
1728893811244440600,2.701440673828125,9.337387084960938,3.1244332790374756,-0.33279404044151306
1728893811254450200,2.7114501953125,9.193734169006348,3.1268274784088135,-0.2849099934101105
1728893811264429600,2.7214296875,8.995016098022461,3.117250680923462,-0.24181437492370605
1728893811274439200,2.731439208984375,8.916007041931152,3.138798475265503,-0.24660277366638184
1728893811284418600,2.74141845703125,8.959102630615234,3.1890766620635986,-0.24420857429504395
1728893811294428200,2.75142822265625,9.074024200439453,3.227383852005005,-0.2777273952960968
1728893811304438000,2.76143798828125,9.107542991638184,3.2776620388031006,-0.31124621629714966
1728893811314417200,2.771417236328125,9.050082206726074,3.335123062133789,-0.31364041566848755
1728893811324396500,2.781396484375,9.030928611755371,3.339911460876465,-0.31603461503982544
1728893811334375700,2.791375732421875,8.987833023071289,3.3016040325164795,-0.35913026332855225
1728893811344355000,2.80135498046875,8.942343711853027,3.3279404640197754,-0.3471592366695404
1728893811354334200,2.811334228515625,8.813055992126465,3.3207578659057617,-0.3280056416988373
1728893811364313600,2.821313720703125,8.887276649475098,3.3255462646484375,-0.33039984107017517
1728893811374262300,2.83126220703125,9.121908187866211,3.268085241317749,-0.4141969084739685
1728893811384272000,2.84127197265625,9.27034854888916,3.19865345954895,-0.4572925269603729
1728893811394220800,2.851220703125,9.469067573547363,3.1100680828094482,-0.4118026793003082
1728893811404200000,2.861199951171875,9.835380554199219,2.937685489654541,-0.4572925269603729
1728893811414179300,2.871179443359375,9.995792388916016,2.964021682739258,-0.2849099934101105
1728893811424189000,2.88118896484375,9.995792388916016,2.9448680877685547,-0.0933738648891449
1728893811434168300,2.891168212890625,9.718064308166504,2.9903578758239746,-0.023942016065120697
1728893811444178000,2.901177978515625,9.399636268615723,3.117250680923462,-0.11971008777618408
1728893811454157300,2.9111572265625,9.459490776062012,3.1651346683502197,-0.3495534360408783
1728893811464167000,2.9211669921875,9.895236015319824,3.270479440689087,-0.6272808313369751
1728893811474146300,2.931146240234375,10.625467300415039,3.4739866256713867,-0.7972691655158997
1728893811484156000,2.941156005859375,11.662156105041504,3.7660791873931885,-1.0199298858642578
1728893811494165800,2.951165771484375,12.957419395446777,3.931279182434082,-1.094150185585022
1728893811504145200,2.961145263671875,14.204798698425293,3.7181951999664307,-0.9050082564353943
1728893811514124300,2.971124267578125,15.272612571716309,3.028665065765381,-0.7445967197418213
1728893811524103400,2.981103515625,15.377957344055176,2.343923568725586,-0.629675030708313
1728893811534052400,2.99105224609375,14.537592887878418,1.9584569931030273,-0.3471592366695404
1728893811544062000,3.00106201171875,13.235146522521973,1.5466543436050415,0.08140286058187485
1728893811554071800,3.01107177734375,11.772290229797363,1.0438719987869263,0.5219359993934631
1728893811564081700,3.02108154296875,10.304644584655762,0.8236053586006165,0.7972691655158997
1728893811574060800,3.031060791015625,9.947908401489258,0.8451532125473022,0.8236053586006165
1728893811584040000,3.0410400390625,10.54645824432373,1.2282254695892334,0.4620809257030487
1728893811593988900,3.05098876953125,11.317391395568848,1.7956513166427612,-0.019153613597154617
1728893811603998500,3.06099853515625,11.930307388305664,2.1499931812286377,-0.4381389021873474
1728893811614008300,3.07100830078125,12.035652160644531,2.1547815799713135,-0.7589619159698486
1728893811623987500,3.080987548828125,11.4849853515625,2.0853497982025146,-0.9313444495201111
1728893811633966800,3.090966796875,10.457873344421387,1.9273324012756348,-0.8762778043746948
1728893811643946000,3.100946044921875,9.339780807495117,1.7094600200653076,-0.7110779285430908
1728893811653895000,3.11089501953125,8.374917984008789,1.6208745241165161,-0.5363011956214905
1728893811663904500,3.120904541015625,7.496245384216309,1.5442601442337036,-0.395043283700943
1728893811673914400,3.130914306640625,6.983886241912842,1.4987702369689941,-0.35434186458587646
1728893811683893500,3.1408935546875,6.866570472717285,1.5466543436050415,-0.42616790533065796
1728893811693842400,3.150842529296875,7.053318023681641,1.7286136150360107,-0.6536170840263367
1728893811703852000,3.16085205078125,7.422025203704834,1.9823989868164062,-0.8906430602073669
1728893811713862000,3.17086181640625,7.553706169128418,2.0925323963165283,-1.0295066833496094
1728893811723841000,3.180841064453125,7.709329605102539,1.987187385559082,-1.1085153818130493
1728893811733820400,3.1908203125,7.836222171783447,1.8794482946395874,-1.1779472827911377
1728893811743799600,3.200799560546875,7.843404769897461,1.941697597503662,-1.235408067703247
1728893811753779000,3.210779052734375,7.7883381843566895,1.9632453918457031,-1.2545616626739502
1728893811763788500,3.22078857421875,7.924807548522949,1.8507179021835327,-1.338358759880066
1728893811773798400,3.23079833984375,7.915230751037598,1.8267759084701538,-1.292868971824646
1728893811783808300,3.240808349609375,7.955932140350342,1.7501614093780518,-1.1851298809051514
1728893811793787400,3.250787353515625,7.965508937835693,1.623268723487854,-1.036689281463623
1728893811803797200,3.26079736328125,8.042123794555664,1.5275006294250488,-0.9768342971801758
1728893811813776400,3.2707763671875,8.209717750549316,1.525106430053711,-0.9744400978088379
1728893811823755500,3.280755615234375,8.468291282653809,1.625662922859192,-1.0079588890075684
1728893811833735000,3.29073486328125,8.772355079650879,1.7477672100067139,-1.0462661981582642
1728893811843744800,3.300744873046875,9.141061782836914,1.8411411046981812,-1.0893617868423462
1728893811853724000,3.310723876953125,9.282320022583008,1.9967641830444336,-1.1444283723831177
1728893811863733800,3.320733642578125,9.313444137573242,2.1092917919158936,-1.216254472732544
1728893811873743400,3.330743408203125,9.318233489990234,2.183511972427368,-1.2186486721038818
1728893811883753200,3.340753173828125,9.172186851501465,2.2242133617401123,-1.1516109704971313
1728893811893732400,3.350732421875,8.939949035644531,2.298433542251587,-1.0845733880996704
1728893811903711700,3.360711669921875,8.829815864562988,2.3558945655822754,-1.01753568649292
1728893811913691000,3.37069091796875,8.829815864562988,2.492363929748535,-0.9744400978088379
1728893811923670300,3.380670166015625,8.734047889709473,2.6144683361053467,-1.0055646896362305
1728893811933649400,3.3906494140625,8.762778282165527,2.6623523235321045,-1.036689281463623
1728893811943659300,3.4006591796875,8.765172004699707,2.7126305103302,-1.1994950771331787
1728893811953638400,3.410638427734375,8.676587104797363,2.7748796939849854,-1.194706678390503
1728893811963648300,3.420648193359375,8.755595207214355,2.762908697128296,-1.0965443849563599
1728893811973657900,3.430657958984375,8.949525833129883,2.7485435009002686,-1.0869675874710083
1728893811983667700,3.440667724609375,9.205705642700195,2.75812029838562,-1.1516109704971313
1728893811993647000,3.450647216796875,9.68933391571045,2.8131868839263916,-1.2497732639312744
1728893812003626200,3.460626220703125,9.971850395202637,2.9496564865112305,-1.3263877630233765
1728893812013605400,3.47060546875,10.11550235748291,3.0119056701660156,-1.2856862545013428
1728893812023584800,3.480584716796875,10.022128105163574,3.0334534645080566,-1.1444283723831177
1728893812033564000,3.49056396484375,9.830592155456543,3.0789434909820557,-0.9983820915222168
1728893812043543300,3.500543212890625,9.552865028381348,3.1292216777801514,-0.8786720037460327
1728893812053522400,3.5105224609375,9.38048267364502,3.1675288677215576,-0.6967126727104187
1728893812063501800,3.520501708984375,9.500192642211914,3.1220390796661377,-0.6416460275650024
1728893812073481000,3.53048095703125,9.643844604492188,3.1268274784088135,-0.6799532771110535
1728893812083460400,3.54046044921875,9.72285270690918,3.2082302570343018,-0.7158663272857666
1728893812093439500,3.550439453125,9.81143856048584,3.2848446369171143,-0.7350199222564697
1728893812103418600,3.560418701171875,9.737217903137207,3.3207578659057617,-0.7374141216278076
1728893812113398000,3.57039794921875,9.706093788146973,3.3470940589904785,-0.7398083209991455
1728893812123377200,3.580377197265625,9.701305389404297,3.361459255218506,-0.7541735172271729
1728893812133325800,3.590325927734375,9.730035781860352,3.4141316413879395,-0.7493851184844971
1728893812143335700,3.600335693359375,9.931148529052734,3.4308910369873047,-0.8140285611152649
1728893812153345500,3.610345458984375,10.089165687561035,3.471592426300049,-0.8188169598579407
1728893812163355100,3.620355224609375,10.103530883789062,3.5913026332855225,-0.7589619159698486
1728893812173334500,3.63033447265625,10.134655952453613,3.667917013168335,-0.6177040338516235
1728893812183313700,3.640313720703125,10.280701637268066,3.890577793121338,-0.3974374830722809
1728893812193293000,3.65029296875,10.474632263183594,4.144362926483154,-0.2944868206977844
1728893812203272200,3.660272216796875,10.90558910369873,4.393360137939453,-0.304063618183136
1728893812213220900,3.670220947265625,11.525687217712402,4.630385875701904,-0.3974374830722809
1728893812223230700,3.680230712890625,12.229581832885742,4.774038314819336,-0.3878606855869293
1728893812233240600,3.690240478515625,12.99812126159668,4.6255974769592285,-0.38067805767059326
1728893812243219700,3.7002197265625,13.512874603271484,4.273650169372559,-0.3878606855869293
1728893812253199000,3.71019921875,13.457807540893555,3.8714241981506348,-0.40462008118629456
1728893812263208700,3.720208740234375,13.002909660339355,3.450044631958008,-0.3471592366695404
1728893812273218600,3.730218505859375,12.433089256286621,2.8395233154296875,-0.15083470940589905
1728893812283228400,3.740228515625,12.06198787689209,2.1547815799713135,0.009576806798577309
1728893812293207600,3.75020751953125,11.60948371887207,1.644816517829895,0.07182604819536209
1728893812303217400,3.760217529296875,11.070788383483887,1.3958195447921753,0.11971008777618408
1728893812313227000,3.77022705078125,10.625467300415039,1.0821791887283325,0.06464344263076782
1728893812323206400,3.780206298828125,10.539276123046875,0.5889736413955688,-0.19632454216480255
1728893812333185500,3.790185546875,10.977415084838867,0.10773907601833344,-0.5770025849342346
1728893812343165000,3.8001650390625,11.554417610168457,-0.08379705995321274,-0.9528923034667969
1728893812353144000,3.81014404296875,11.796232223510742,-0.08379705995321274,-1.1827356815338135
1728893812363123200,3.820123291015625,11.494562149047852,-0.0071826050989329815,-1.256955862045288
1728893812373102600,3.8301025390625,10.948684692382812,0.07182604819536209,-1.1420341730117798
1728893812383081700,3.840081787109375,10.244789123535156,0.10055647045373917,-0.9145850539207458
1728893812393061000,3.85006103515625,9.461885452270508,0.11252748221158981,-0.6871358752250671
1728893812403040300,3.860040283203125,9.090784072875977,0.06464344263076782,-0.5195417404174805
1728893812413019600,3.87001953125,8.877699851989746,0.14365209639072418,-0.507570743560791
1728893812422998800,3.879998779296875,8.813055992126465,0.3232172429561615,-0.5195417404174805
1728893812432978200,3.889978271484375,8.87291145324707,0.5195417404174805,-0.5506663918495178
1728893812442957300,3.899957275390625,8.827422142028809,0.6919242739677429,-0.6655880808830261
1728893812452936400,3.9099365234375,8.705317497253418,0.8307880163192749,-0.6967126727104187
1728893812462946300,3.9199462890625,8.47786808013916,0.8020575642585754,-0.6727706789970398
1728893812472956200,3.9299560546875,8.33182144165039,0.7445967197418213,-0.6105214357376099
1728893812482965800,3.9399658203125,8.315062522888184,0.8068459630012512,-0.5482721924781799
1728893812492945200,3.949945068359375,8.221688270568848,1.0055646896362305,-0.4884171485900879
1728893812502924300,3.95992431640625,8.130708694458008,1.237802267074585,-0.3998316824436188
1728893812512903700,3.969903564453125,8.147468566894531,1.357512354850769,-0.35913026332855225
1728893812522882800,3.9798828125,7.987056732177734,1.4724340438842773,-0.3423708379268646
1728893812532862200,3.9898623046875,7.745242595672607,1.644816517829895,-0.28969839215278625
1728893812542841300,3.99984130859375,7.714118003845215,1.7549498081207275,-0.2801215946674347
1728893812552820500,4.009820556640625,7.603984832763672,1.9081788063049316,-0.28969839215278625
1728893812562799900,4.0197998046875,7.603984832763672,1.9991583824157715,-0.26815059781074524
1728893812572779000,4.029779052734375,7.68538761138916,2.1045033931732178,-0.31124621629714966
1728893812582758400,4.03975830078125,8.001421928405762,2.274491548538208,-0.4189853072166443
1728893812592737500,4.049737548828125,8.267178535461426,2.4612393379211426,-0.5195417404174805
1728893812602717000,4.059717041015625,8.422801971435547,2.6001031398773193,-0.5841852426528931
1728893812612665600,4.06966552734375,8.619126319885254,2.7006595134735107,-0.6560112833976746
1728893812622675200,4.07967529296875,8.667010307312012,2.8562827110290527,-0.6416460275650024
1728893812632654600,4.089654541015625,8.710105895996094,2.9927520751953125,-0.5817909836769104
1728893812642664400,4.09966455078125,8.702922821044922,3.0358476638793945,-0.5386953949928284
1728893812652643600,4.1096435546875,8.69334602355957,3.045424461364746,-0.48602294921875
1728893812662653400,4.1196533203125,8.71489429473877,3.160346269607544,-0.4189853072166443
1728893812672663000,4.1296630859375,8.83939266204834,3.2609026432037354,-0.4165911078453064
1728893812682642400,4.139642333984375,8.944737434387207,3.3518824577331543,-0.40222588181495667
1728893812692621600,4.14962158203125,8.901641845703125,3.3877954483032227,-0.35434186458587646
1728893812702631400,4.15963134765625,8.815450668334961,3.383007049560547,-0.26815059781074524
1728893812712641000,4.16964111328125,8.81784439086914,3.3877954483032227,-0.07422025501728058
1728893812722620400,4.179620361328125,8.815450668334961,3.4189200401306152,0
1728893812732630300,4.18963037109375,8.875306129455566,3.557783842086792,-0.15083470940589905
1728893812742609400,4.199609375,8.808267593383789,3.7014358043670654,-0.12210428714752197
1728893812752588500,4.209588623046875,8.877699851989746,3.6846764087677,-0.14604631066322327
1728893812762568000,4.21956787109375,8.815450668334961,3.758896589279175,-0.15322890877723694
1728893812772516600,4.2295166015625,8.78193187713623,3.823540210723877,-0.20350714027881622
1728893812782526500,4.2395263671875,8.858546257019043,3.869029998779297,-0.22026655077934265
1728893812792536000,4.2495361328125,8.89685344696045,3.869029998779297,-0.2753331959247589
1728893812802515500,4.259515380859375,8.863334655761719,3.9240965843200684,-0.26815059781074524
1728893812812494600,4.26949462890625,8.923190116882324,3.9264907836914062,-0.2298433631658554
1728893812822474000,4.279473876953125,8.96149730682373,3.928884983062744,-0.2106897532939911
1728893812832422700,4.289422607421875,8.973467826843262,3.9384617805480957,-0.1604115068912506
1728893812842432500,4.2994326171875,9.157821655273438,3.890577793121338,-0.17717093229293823
1728893812852442000,4.309442138671875,9.361329078674316,3.861847400665283,-0.2537853717803955
1728893812862421500,4.31942138671875,9.612719535827637,3.840299606323242,-0.2992752194404602
1728893812872370200,4.3293701171875,9.818621635437012,3.84269380569458,-0.38546648621559143
1728893812882380000,4.339380126953125,9.943120002746582,3.892971992492676,-0.5219359993934631
1728893812892389600,4.3493896484375,9.947908401489258,3.909731388092041,-0.6703764796257019
1728893812902369000,4.359369140625,10.002974510192871,3.823540210723877,-0.8427590131759644
1728893812912348200,4.36934814453125,10.144232749938965,3.7924153804779053,-0.9840168952941895
1728893812922358000,4.37935791015625,10.714052200317383,3.7708675861358643,-1.0797849893569946
1728893812932367600,4.38936767578125,11.63103199005127,3.799597978591919,-1.1300631761550903
1728893812942347000,4.399346923828125,12.60307788848877,3.6822822093963623,-1.1348515748977661
1728893812952326100,4.409326171875,13.30218505859375,3.4787750244140625,-1.2114660739898682
1728893812962336000,4.4193359375,13.283031463623047,3.203441858291626,-1.1659762859344482
1728893812972315100,4.429315185546875,12.751518249511719,2.8850131034851074,-0.9552865028381348
1728893812982325000,4.439324951171875,12.18409252166748,2.655169725418091,-0.6943184733390808
1728893812992334800,4.4493349609375,11.836933135986328,2.315192937850952,-0.5889736413955688
1728893813002314000,4.45931396484375,11.51611042022705,2.231395959854126,-0.47644615173339844
1728893813012293000,4.469293212890625,11.437101364135742,2.0853497982025146,-0.42856210470199585
1728893813022272500,4.4792724609375,11.39400577545166,1.9273324012756348,-0.5147533416748047
1728893813032251600,4.489251708984375,11.264719009399414,1.7932571172714233,-0.689530074596405
1728893813042261500,4.499261474609375,11.003750801086426,1.8291701078414917,-0.8307880163192749
1728893813052271400,4.509271240234375,10.781089782714844,1.9369091987609863,-0.8930372595787048
1728893813062281000,4.519281005859375,10.623072624206543,1.9847931861877441,-0.9313444495201111
1728893813072260400,4.52926025390625,10.268731117248535,2.078166961669922,-0.9696516990661621
1728893813082270000,4.53927001953125,9.806650161743164,2.1571757793426514,-1.0845733880996704
1728893813092279800,4.54927978515625,9.430760383605957,2.164358377456665,-1.2234370708465576
1728893813102259000,4.559259033203125,9.20091724395752,2.1715409755706787,-1.314416766166687
1728893813112268800,4.569268798828125,9.117119789123535,2.140416383743286,-1.4484920501708984
1728893813122278700,4.579278564453125,9.078812599182129,2.1715409755706787,-1.6041151285171509
1728893813132257800,4.5892578125,9.107542991638184,2.2577321529388428,-1.6927006244659424
1728893813142267600,4.599267578125,9.093177795410156,2.2912509441375732,-1.6879122257232666
1728893813152246800,4.609246826171875,9.047688484191895,2.2912509441375732,-1.6639702320098877
1728893813162256600,4.619256591796875,8.853757858276367,2.322375535964966,-1.556231141090393
1728893813172235800,4.62923583984375,8.731653213500977,2.2912509441375732,-1.4508862495422363
1728893813182215200,4.639215087890625,8.681375503540039,2.1930887699127197,-1.3694833517074585
1728893813192194300,4.6491943359375,8.60236644744873,2.1045033931732178,-1.292868971824646
1728893813202204200,4.6592041015625,8.456320762634277,2.0685901641845703,-1.2090718746185303
1728893813212183300,4.669183349609375,8.339004516601562,2.0254945755004883,-1.170764684677124
1728893813222193200,4.679193115234375,8.339004516601562,1.9249382019042969,-1.2018892765045166
1728893813232172300,4.68917236328125,8.453926086425781,1.9297266006469727,-1.2066776752471924
1728893813242151700,4.699151611328125,8.638279914855957,2.0015525817871094,-1.2114660739898682
1728893813252161300,4.709161376953125,8.643068313598633,2.054224967956543,-1.2737152576446533
1728893813262171100,4.719171142578125,8.609549522399902,2.0446481704711914,-1.3000515699386597
1728893813272150500,4.729150634765625,8.523358345031738,2.070984363555908,-1.2330138683319092
1728893813282160000,4.73916015625,8.528146743774414,2.1523873805999756,-1.213860273361206
1728893813292139500,4.749139404296875,8.429984092712402,2.2146365642547607,-1.213860273361206
1728893813302118700,4.75911865234375,8.348581314086914,2.2625205516815186,-1.170764684677124
1728893813312128500,4.76912841796875,8.343792915344238,2.3056161403656006,-1.1228805780410767
1728893813322107600,4.779107666015625,8.394071578979492,2.360682964324951,-1.1444283723831177
1728893813332117500,4.789117431640625,8.415618896484375,2.432508945465088,-1.2090718746185303
1728893813342127000,4.799127197265625,8.554482460021973,2.4851813316345215,-1.2449848651885986
1728893813352106500,4.8091064453125,8.655038833618164,2.540247917175293,-1.3072341680526733
1728893813362116400,4.819116455078125,8.760383605957031,2.6144683361053467,-1.4053963422775269
1728893813372095500,4.829095458984375,8.825027465820312,2.6815059185028076,-1.4389152526855469
1728893813382105300,4.839105224609375,8.846575736999512,2.741360902786255,-1.4101848602294922
1728893813392084500,4.84908447265625,8.81784439086914,2.7940332889556885,-1.316810965538025
1728893813402064000,4.85906396484375,8.820239067077637,2.8227639198303223,-1.2330138683319092
1728893813412073500,4.869073486328125,8.827422142028809,2.87064790725708,-1.2042834758758545
1728893813422052900,4.879052978515625,8.808267593383789,2.9089550971984863,-1.1659762859344482
1728893813432032000,4.889031982421875,8.760383605957031,2.894589900970459,-1.1228805780410767
1728893813442041900,4.899041748046875,8.777143478393555,2.8850131034851074,-1.0845733880996704
1728893813452021000,4.90902099609375,8.858546257019043,2.8850131034851074,-1.1085153818130493
1728893813462030800,4.91903076171875,8.851364135742188,2.942473888397217,-1.1085153818130493
1728893813472010000,4.929010009765625,8.813055992126465,3.028665065765381,-1.0103530883789062
1728893813482019800,4.939019775390625,8.731653213500977,3.1292216777801514,-0.9026140570640564
1728893813491999000,4.9489990234375,8.62630844116211,3.2561142444610596,-0.7541735172271729
1728893813501978400,4.958978271484375,8.480262756347656,3.31118106842041,-0.6703764796257019
1728893813511957500,4.96895751953125,8.432378768920898,3.378218650817871,-0.6224924325942993
1728893813521937000,4.97893701171875,8.556877136230469,3.4404678344726562,-0.5985504388809204
1728893813531916000,4.988916015625,8.786720275878906,3.5218706130981445,-0.5626373887062073
1728893813541895200,4.998895263671875,9.107542991638184,3.533841609954834,-0.5889736413955688
1728893813551874600,5.00887451171875,9.361329078674316,3.469198226928711,-0.5554547905921936
1728893813561884400,5.018884521484375,9.519346237182617,3.3734302520751953,-0.4884171485900879
1728893813571833000,5.0288330078125,9.622296333312988,3.3518824577331543,-0.4668693244457245
1728893813581842700,5.0388427734375,9.543288230895996,3.4787750244140625,-0.45489832758903503
1728893813591852500,5.0488525390625,9.490615844726562,3.584120035171509,-0.3495534360408783
1728893813601862400,5.0588623046875,9.576807022094727,3.56017804145813,-0.31603461503982544
1728893813611841500,5.068841552734375,9.828198432922363,3.6774938106536865,-0.37828385829925537
1728893813621821000,5.078821044921875,10.017339706420898,3.7828385829925537,-0.35913026332855225
1728893813631800000,5.088800048828125,9.952696800231934,3.8331170082092285,-0.272938996553421
1728893813641779200,5.098779296875,9.945513725280762,3.799597978591919,-0.22505496442317963
1728893813651758600,5.108758544921875,10.395624160766602,3.8091750144958496,-0.27054479718208313
1728893813661737700,5.11873779296875,11.061211585998535,3.892971992492676,-0.4213795065879822
1728893813671686700,5.128686767578125,11.760318756103516,3.9193081855773926,-0.5578489899635315
1728893813681665800,5.138665771484375,12.066776275634766,3.8762125968933105,-0.5889736413955688
1728893813691614500,5.148614501953125,12.157755851745605,3.9600095748901367,-0.5746083855628967
1728893813701624300,5.158624267578125,12.09550666809082,4.000710964202881,-0.49799394607543945
1728893813711634200,5.16863427734375,11.90157699584961,4.046200752258301,-0.3663128614425659
1728893813721613300,5.17861328125,11.60948371887207,3.957615375518799,-0.3256114423274994
1728893813731623200,5.188623046875,11.279084205627441,3.6846764087677,-0.2561795711517334
1728893813741602300,5.198602294921875,10.81700325012207,3.2369606494903564,-0.1412578970193863
1728893813751581400,5.20858154296875,10.486603736877441,2.784456491470337,-0.090979665517807
1728893813761560800,5.218560791015625,10.395624160766602,2.454056739807129,-0.17956513166427612
1728893813771540000,5.2285400390625,10.503362655639648,2.2242133617401123,-0.28969839215278625
1728893813781519400,5.238519287109375,10.915165901184082,1.9728221893310547,-0.3471592366695404
1728893813791498500,5.24849853515625,11.73398208618164,1.802833914756775,-0.5051765441894531
1728893813801508400,5.25850830078125,12.404358863830566,1.8411411046981812,-0.7445967197418213
1728893813811487500,5.268487548828125,12.392388343811035,1.8746598958969116,-0.9026140570640564
1728893813821467000,5.278466796875,11.930307388305664,1.7836803197860718,-0.7134721279144287
1728893813831415600,5.28841552734375,11.295844078063965,1.6759412288665771,-0.395043283700943
1728893813841425400,5.29842529296875,10.737994194030762,1.577778935432434,-0.23942017555236816
1728893813851404500,5.308404541015625,10.132261276245117,1.6041151285171509,-0.16519992053508759
1728893813861414400,5.318414306640625,9.476250648498535,1.5658079385757446,-0.0933738648891449
1728893813871424000,5.328424072265625,8.882488250732422,1.5107412338256836,-0.019153613597154617
1728893813881403400,5.3384033203125,8.461109161376953,1.4317326545715332,0.08379705995321274
1728893813891382500,5.348382568359375,8.142680168151855,1.4317326545715332,0.10295066982507706
1728893813901362000,5.35836181640625,7.996633529663086,1.5729905366897583,0.0694318488240242
1728893813911310600,5.368310546875,7.989450931549072,1.6089035272598267,0.0454898327589035
1728893813921320400,5.378320556640625,8.037335395812988,1.556231141090393,-0.0071826050989329815
1728893813931299600,5.388299560546875,8.166622161865234,1.5729905366897583,-0.0454898327589035
1728893813941309400,5.398309326171875,8.090007781982422,1.7070658206939697,-0.028730420395731926
1728893813951288600,5.40828857421875,8.027758598327637,1.824381709098816,0.0454898327589035
1728893813961298400,5.41829833984375,8.030152320861816,1.8962076902389526,0.12210428714752197
1728893813971308000,5.42830810546875,8.10437297821045,2.0614075660705566,0.15322890877723694
1728893813981318000,5.43831787109375,8.180987358093262,2.2625205516815186,0.06464344263076782
1728893813991297000,5.448297119140625,8.382100105285645,2.403778553009033,-0.05985504388809204
1728893814001307000,5.458306884765625,8.53532886505127,2.5282769203186035,-0.09576806426048279
1728893814011286300,5.468286376953125,8.446743965148926,2.607285737991333,-0.016759412363171577
1728893814021295900,5.4782958984375,8.367734909057617,2.6647465229034424,0.038307227194309235
1728893814031275300,5.488275146484375,8.461109161376953,2.7533318996429443,0.023942016065120697
1728893814041254400,5.49825439453125,8.470685958862305,2.9544448852539062,0.002394201699644327
1728893814051264300,5.50826416015625,8.633491516113281,3.064578056335449,0.0071826050989329815
1728893814061273900,5.51827392578125,8.753201484680176,3.1507694721221924,-0.0694318488240242
1728893814071253200,5.528253173828125,8.858546257019043,3.2178070545196533,-0.17238251864910126
1728893814081262800,5.538262939453125,8.858546257019043,3.313575267791748,-0.29209262132644653
1728893814091242200,5.5482421875,8.813055992126465,3.445256233215332,-0.4118026793003082
1728893814101221400,5.558221435546875,8.796297073364258,3.5721490383148193,-0.5602431893348694
1728893814111200800,5.56820068359375,8.755595207214355,3.7445313930511475,-0.6631938815116882
1728893814121180000,5.578179931640625,8.71728801727295,3.8283286094665527,-0.7493851184844971
1728893814131128600,5.588128662109375,8.655038833618164,3.8810009956359863,-0.7781155705451965
1728893814141138400,5.598138427734375,8.65743350982666,3.914519786834717,-0.7589619159698486
1728893814151117800,5.608117919921875,8.671798706054688,3.9432501792907715,-0.7589619159698486
1728893814161127400,5.61812744140625,8.724471092224121,3.928884983062744,-0.730231523513794
1728893814171137300,5.62813720703125,8.683769226074219,3.9432501792907715,-0.6392518281936646
1728893814181147000,5.63814697265625,8.65743350982666,3.9193081855773926,-0.5339069962501526
1728893814191126300,5.648126220703125,8.595184326171875,3.861847400665283,-0.4429273009300232
1728893814201105400,5.65810546875,8.429984092712402,3.780444383621216,-0.3471592366695404
1728893814211084800,5.668084716796875,8.317456245422363,3.7038300037384033,-0.27054479718208313
1728893814221064000,5.67806396484375,8.267178535461426,3.6774938106536865,-0.2968810200691223
1728893814231012600,5.6880126953125,8.324639320373535,3.6080620288848877,-0.3471592366695404
1728893814241022500,5.6980224609375,8.60236644744873,3.5745432376861572,-0.4668693244457245
1728893814250971100,5.70797119140625,9.062053680419922,3.5410242080688477,-0.646434485912323
1728893814260981000,5.71798095703125,9.368511199951172,3.6104562282562256,-0.7852981686592102
1728893814270929700,5.7279296875,9.832986831665039,3.5865142345428467,-0.7709329724311829
1728893814280939500,5.737939453125,10.228029251098633,3.4979286193847656,-0.7230489253997803
1728893814290918700,5.747918701171875,10.295066833496094,3.4308910369873047,-0.6224924325942993
1728893814300928500,5.757928466796875,10.022128105163574,3.3039982318878174,-0.47644615173339844
1728893814310907600,5.76790771484375,9.519346237182617,3.1196448802948,-0.35434186458587646
1728893814320917500,5.77791748046875,9.100360870361328,2.9065608978271484,-0.31842881441116333
1728893814330896600,5.787896728515625,9.040505409240723,2.911349296569824,-0.5434837937355042
1728893814340906500,5.797906494140625,10.072406768798828,3.021482467651367,-0.5554547905921936
1728893814350886000,5.807885986328125,11.1474027633667,3.1651346683502197,-0.7398083209991455
1728893814360895500,5.8178955078125,12.277466773986816,3.423708438873291,-0.9026140570640564
1728893814370905300,5.8279052734375,13.596671104431152,3.5242648124694824,-0.8954314589500427
1728893814380884500,5.837884521484375,14.695610046386719,3.335123062133789,-0.8810662031173706
1728893814390864000,5.84786376953125,15.2151517868042,2.911349296569824,-0.8379706144332886
1728893814400873500,5.85787353515625,14.834473609924316,2.499546527862549,-0.6727706789970398
1728893814410852900,5.867852783203125,13.840880393981934,2.341529369354248,-0.2968810200691223
1728893814420832000,5.87783203125,12.780248641967773,2.207453966140747,0.07422025501728058
1728893814430841900,5.887841796875,11.815385818481445,2.2194249629974365,0.36152446269989014
1728893814440821000,5.897821044921875,11.231200218200684,2.403778553009033,0.5985504388809204
1728893814450800400,5.90780029296875,11.128249168395996,2.698265314102173,0.7015010714530945
1728893814460779500,5.917779541015625,11.164162635803223,2.9975404739379883,0.6560112833976746
1728893814470789400,5.927789306640625,11.262324333190918,3.222595453262329,0.49799394607543945
1728893814480799000,5.937799072265625,11.32457447052002,3.2992098331451416,0.304063618183136
1728893814490808800,5.947808837890625,11.288661003112793,3.162740468978882,0.08858546614646912
1728893814500788200,5.957788330078125,10.884040832519531,3.004723072052002,-0.10295066982507706
1728893814510797800,5.9677978515625,10.163386344909668,2.7676970958709717,-0.1149216815829277
1728893814520777200,5.977777099609375,9.246406555175781,2.4229321479797363,-0.043095629662275314
1728893814530786800,5.987786865234375,8.370129585266113,2.0829553604125977,0.10534487664699554
1728893814540766200,5.99776611328125,7.785943984985352,1.8914192914962769,0.1867477297782898
1728893814550745300,6.007745361328125,7.493851184844971,1.7094600200653076,0.16998831927776337
1728893814560755200,6.017755126953125,7.371747016906738,1.5921441316604614,0.07900865375995636
1728893814570704000,6.027703857421875,7.338228225708008,1.6496049165725708,-0.06703764945268631
1728893814580713700,6.037713623046875,7.46033239364624,1.6160861253738403,-0.3711012601852417
1728893814590723300,6.047723388671875,7.728483200073242,1.5873557329177856,-0.6847416758537292
1728893814600702700,6.05770263671875,7.864952564239502,1.599326729774475,-0.9050082564353943
1728893814610681900,6.067681884765625,7.881711959838867,1.580173134803772,-1.0678139925003052
1728893814620661200,6.0776611328125,7.972691535949707,1.5442601442337036,-1.2234370708465576
1728893814630640400,6.087640380859375,7.951143741607666,1.501164436340332,-1.2473790645599365
1728893814640619800,6.097619873046875,7.819462776184082,1.4532804489135742,-1.1803414821624756
1728893814650599000,6.107598876953125,7.8098859786987305,1.4676456451416016,-1.0342950820922852
1728893814660578000,6.117578125,7.8529815673828125,1.5729905366897583,-0.9409212470054626
1728893814670557400,6.127557373046875,7.8529815673828125,1.6639702320098877,-0.8858546018600464
1728893814680536600,6.13753662109375,7.86734676361084,1.7525556087493896,-0.8188169598579407
1728893814690516000,6.147515869140625,7.9176249504089355,1.8555063009262085,-0.7733271718025208
1728893814700495000,6.1574951171875,7.9846625328063965,1.9919757843017578,-0.7924807667732239
1728893814710474500,6.167474609375,8.11634349822998,2.1092917919158936,-0.7876923680305481
1728893814720484000,6.177484130859375,8.29830265045166,2.0853497982025146,-0.9409212470054626
1728893814730432800,6.187432861328125,8.461109161376953,2.1332337856292725,-1.0534487962722778
1728893814740442600,6.197442626953125,8.741230010986328,2.229001760482788,-1.1300631761550903
1728893814750422000,6.207422119140625,8.954314231872559,2.3774423599243164,-1.158793568611145
1728893814760431600,6.217431640625,9.117119789123535,2.557007312774658,-1.1659762859344482
1728893814770441500,6.22744140625,9.08838939666748,2.7030537128448486,-1.1013327836990356
1728893814780420600,6.237420654296875,8.978256225585938,2.8107926845550537,-1.039083480834961
1728893814790400000,6.24739990234375,8.920795440673828,2.8179752826690674,-0.993593692779541
1728893814800379100,6.257379150390625,8.925583839416504,2.808398485183716,-0.9768342971801758
1728893814810358500,6.267358642578125,8.983044624328613,2.8203697204589844,-0.9624691009521484
1728893814820337700,6.277337646484375,8.954314231872559,2.87064790725708,-0.9744400978088379
1728893814830286300,6.287286376953125,8.975862503051758,2.9759926795959473,-1.0127472877502441
1728893814840296200,6.297296142578125,9.02135181427002,3.1076738834381104,-0.9648633003234863
1728893814850306000,6.30730615234375,9.129091262817383,3.246537446975708,-0.8140285611152649
1728893814860315600,6.317315673828125,9.174580574035645,3.3877954483032227,-0.7015010714530945
1728893814870295000,6.327294921875,9.282320022583008,3.488351821899414,-0.5626373887062073
1728893814880274200,6.337274169921875,9.258378028869629,3.4739866256713867,-0.43095630407333374
1728893814890253600,6.347253662109375,9.138668060302734,3.4787750244140625,-0.3687070608139038
1728893814900263200,6.35726318359375,8.999804496765137,3.5027170181274414,-0.40462008118629456
1728893814910273000,6.36727294921875,9.045293807983398,3.5721490383148193,-0.47165772318840027
1728893814920252200,6.377252197265625,9.071630477905273,3.5865142345428467,-0.5410895943641663
1728893814930231600,6.3872314453125,9.047688484191895,3.6176388263702393,-0.6033388376235962
1728893814940241200,6.3972412109375,9.208099365234375,3.6750996112823486,-0.6943184733390808
1728893814950251000,6.4072509765625,9.47146224975586,3.7684733867645264,-0.7637503147125244
1728893814960260900,6.4172607421875,9.624691009521484,3.818751811981201,-0.8595184087753296
1728893814970240000,6.427239990234375,9.672574996948242,3.8594532012939453,-0.8595184087753296
1728893814980249900,6.437249755859375,9.715670585632324,3.7852327823638916,-0.730231523513794
1728893814990259500,6.447259521484375,9.708487510681152,3.7014358043670654,-0.667982280254364
1728893815000238800,6.45723876953125,9.828198432922363,3.7229835987091064,-0.7110779285430908
1728893815010187500,6.4671875,9.983820915222168,3.84269380569458,-0.790086567401886
1728893815020197400,6.477197265625,9.99339771270752,3.9001545906066895,-0.7589619159698486
1728893815030207000,6.48720703125,10.062829971313477,3.955221176147461,-0.8164227604866028
1728893815040216800,6.497216796875,10.357316970825195,3.914519786834717,-0.7134721279144287
1728893815050196000,6.507196044921875,11.070788383483887,3.952826976776123,-0.7924807667732239
1728893815060175400,6.51717529296875,11.927912712097168,3.998316764831543,-1.0342950820922852
1728893815070124000,6.5271240234375,12.583924293518066,4.0533833503723145,-1.3024457693099976
1728893815080134000,6.5371337890625,12.861651420593262,3.9815573692321777,-1.4293384552001953
1728893815090143500,6.5471435546875,12.658143997192383,3.9408559799194336,-1.359906554222107
1728893815100153300,6.5571533203125,12.100295066833496,3.7493197917938232,-1.0893617868423462
1728893815110163200,6.5671630859375,11.626243591308594,3.5673606395721436,-0.8427590131759644
1728893815120142300,6.577142333984375,11.446678161621094,3.4141316413879395,-0.6057330369949341
1728893815130121700,6.587121826171875,11.334151268005371,3.3494882583618164,-0.42856210470199585
1728893815140100900,6.597100830078125,11.128249168395996,3.222595453262329,-0.22744916379451752
1728893815150080000,6.607080078125,11.006145477294922,2.913743495941162,-0.043095629662275314
1728893815160059400,6.617059326171875,10.934319496154785,2.4851813316345215,0.011971008032560349
1728893815170038500,6.62703857421875,11.044452667236328,2.322375535964966,-0.07422025501728058
1728893815180048400,6.63704833984375,11.401188850402832,2.2673089504241943,-0.23702596127986908
1728893815189997000,6.6469970703125,11.614272117614746,2.2194249629974365,-0.30885201692581177
1728893815200007000,6.6570068359375,11.66455078125,2.078166961669922,-0.26096799969673157
1728893815210016500,6.6670166015625,11.523292541503906,1.9512743949890137,-0.035913024097681046
1728893815220026400,6.6770263671875,11.24795913696289,1.766920804977417,0.20111294090747833
1728893815230005800,6.687005859375,10.819397926330566,1.6352397203445435,0.3423708379268646
1728893815240015400,6.697015380859375,10.357316970825195,1.556231141090393,0.47644615173339844
1728893815249994800,6.706994873046875,9.835380554199219,1.4939818382263184,0.5770025849342346
1728893815259974000,6.716973876953125,9.442731857299805,1.4101848602294922,0.6440402865409851
1728893815269953000,6.726953125,9.074024200439453,1.357512354850769,0.6320692300796509
1728893815279932400,6.736932373046875,8.695740699768066,1.3239935636520386,0.5626373887062073
1728893815289942300,6.7469423828125,8.406042098999023,1.2737152576446533,0.4836287498474121
1728893815299921400,6.75692138671875,8.248024940490723,1.1276689767837524,0.4141969084739685
1728893815309900500,6.766900634765625,8.118738174438477,1.048660397529602,0.3208230137825012
1728893815319910400,6.776910400390625,8.010998725891113,1.091755986213684,0.1604115068912506
1728893815329889800,6.786889892578125,7.9631147384643555,1.2306196689605713,0.1388636976480484
1728893815339899400,6.7968994140625,7.91283655166626,1.357512354850769,0.13407529890537262
1728893815349878800,6.806878662109375,7.905653953552246,1.4317326545715332,0.1364694982767105
1728893815359888400,6.816888427734375,7.8529815673828125,1.53707754611969,0.047884032130241394
1728893815369867800,6.82686767578125,7.7428483963012695,1.680729627609253,-0.021547814831137657
1728893815379877400,6.83687744140625,7.702147006988525,1.7381904125213623,-0.009576806798577309
1728893815389856800,6.846856689453125,7.714118003845215,1.8531121015548706,-0.038307227194309235
1728893815399866400,6.856866455078125,7.8314337730407715,2.094926595687866,-0.07661445438861847
1728893815409876200,6.866876220703125,8.034940719604492,2.3104045391082764,-0.16519992053508759
1728893815419886000,6.876885986328125,8.195352554321289,2.494758129119873,-0.23942017555236816
1728893815429865200,6.886865234375,8.236053466796875,2.669534921646118,-0.3208230137825012
1728893815439844600,6.8968447265625,8.267178535461426,2.7916390895843506,-0.38067805767059326
1728893815449823700,6.90682373046875,8.286332130432129,2.9305028915405273,-0.33997663855552673
1728893815459803000,6.916802978515625,8.164227485656738,3.0550012588500977,-0.2537853717803955
1728893815469782300,6.9267822265625,8.092401504516602,3.1316158771514893,-0.17956513166427612
1728893815479761400,6.936761474609375,8.161833763122559,3.1723172664642334,-0.15322890877723694
1728893815489740800,6.94674072265625,8.236053466796875,3.24414324760437,-0.12210428714752197
1728893815499720000,6.956719970703125,8.274360656738281,3.3470940589904785,-0.12210428714752197
1728893815509699300,6.96669921875,8.288725852966309,3.4763808250427246,-0.08379705995321274
1728893815519709000,6.976708984375,8.252813339233398,3.5865142345428467,-0.09576806426048279
1728893815529718800,6.98671875,8.324639320373535,3.6559460163116455,-0.08379705995321274
1728893815539728600,6.996728759765625,8.327033042907715,3.6966474056243896,-0.09576806426048279
1728893815549707800,7.006707763671875,8.305485725402832,3.7708675861358643,-0.08379705995321274
1728893815559687000,7.01668701171875,8.224082946777344,3.778050184249878,0.014365210197865963
1728893815569666300,7.026666259765625,8.125920295715332,3.7205893993377686,0.08379705995321274
1728893815579645400,7.0366455078125,8.180987358093262,3.7158010005950928,0.16519992053508759
1728893815589624800,7.046624755859375,8.147468566894531,3.7828385829925537,0.28969839215278625
1728893815599634400,7.056634521484375,8.214506149291992,3.8115692138671875,0.3495534360408783
1728893815609644300,7.066644287109375,8.42040729522705,3.8283286094665527,0.3902548849582672
1728893815619654100,7.076654052734375,8.47786808013916,3.892971992492676,0.3878606855869293
1728893815629633300,7.08663330078125,8.528146743774414,3.8810009956359863,0.3519476354122162
1728893815639612700,7.09661279296875,8.707711219787598,3.883395195007324,0.3280056416988373
1728893815649561300,7.106561279296875,8.89685344696045,3.8283286094665527,0.24660277366638184
1728893815659571000,7.116571044921875,9.191340446472168,3.821146011352539,0.16759411990642548
1728893815669580800,7.126580810546875,9.459490776062012,3.7660791873931885,0.009576806798577309
1728893815679590700,7.136590576171875,9.62947940826416,3.706224203109741,-0.08379705995321274
1728893815689569800,7.14656982421875,9.792284965515137,3.5936968326568604,-0.07661445438861847
1728893815699549200,7.156549072265625,10.012551307678223,3.5242648124694824,-0.08379705995321274
1728893815709528300,7.1665283203125,10.309432983398438,3.4596214294433594,-0.14844051003456116
1728893815719507700,7.1765078125,10.663774490356445,3.3207578659057617,-0.3064578175544739
1728893815729456400,7.186456298828125,11.317391395568848,3.1723172664642334,-0.6440402865409851
1728893815739466000,7.196466064453125,12.48815631866455,3.318363666534424,-1.158793568611145
1728893815749475800,7.206475830078125,13.491326332092285,3.5649664402008057,-1.216254472732544
1728893815759455000,7.216455078125,14.233529090881348,3.49314022064209,-1.161187767982483
1728893815769434400,7.226434326171875,15.112200736999512,3.2776620388031006,-0.8978256583213806
1728893815779444200,7.2364443359375,15.715539932250977,3.0382418632507324,-0.5123591423034668
1728893815789423400,7.24642333984375,15.928624153137207,2.6431987285614014,-0.17238251864910126
1728893815799463700,7.256463623046875,15.014039039611816,2.3343467712402344,0.2106897532939911
1728893815809442800,7.26644287109375,13.934253692626953,2.075772762298584,0.6703764796257019
1728893815819452700,7.27645263671875,12.485761642456055,1.8124107122421265,1.1635819673538208
1728893815829462500,7.286462646484375,11.257535934448242,1.6855180263519287,1.558625340461731
1728893815839441700,7.296441650390625,10.529699325561523,1.5945383310317993,1.7381904125213623
1728893815849420800,7.3064208984375,10.599130630493164,1.5610195398330688,1.522712230682373
1728893815859430700,7.3164306640625,10.740388870239258,1.9704279899597168,1.3311761617660522
1728893815869410000,7.32641015625,10.678139686584473,2.274491548538208,1.0558429956436157
1728893815879419600,7.336419677734375,10.565611839294434,2.363077163696289,0.7493851184844971
1728893815889399000,7.34639892578125,10.273519515991211,2.403778553009033,0.47165772318840027
1728893815899378200,7.356378173828125,9.825803756713867,2.497152328491211,0.19871874153614044
1728893815909326800,7.366326904296875,9.174580574035645,2.5498247146606445,-0.028730420395731926
1728893815919336700,7.376336669921875,8.647856712341309,2.4851813316345215,-0.1412578970193863
1728893815929346600,7.3863466796875,8.216899871826172,2.382230758666992,-0.17717093229293823
1728893815939356200,7.396356201171875,8.006210327148438,2.2864625453948975,-0.22505496442317963
1728893815949335600,7.40633544921875,7.977479934692383,2.169146776199341,-0.31603461503982544
1728893815959314700,7.416314697265625,8.044517517089844,2.073378562927246,-0.4429273009300232
1728893815969294000,7.426294189453125,8.109161376953125,2.0254945755004883,-0.5027823448181152
1728893815979303700,7.4363037109375,8.04691219329834,1.8938134908676147,-0.5410895943641663
1728893815989283000,7.446282958984375,7.989450931549072,1.7262194156646729,-0.5746083855628967
1728893815999292700,7.456292724609375,7.888894557952881,1.6903064250946045,-0.5722141861915588
1728893816009272000,7.46627197265625,7.836222171783447,1.6950948238372803,-0.5434837937355042
1728893816019281700,7.47628173828125,7.773972988128662,1.6328455209732056,-0.6033388376235962
1728893816029261000,7.486260986328125,7.706935405731201,1.6735470294952393,-0.6177040338516235
1728893816039270700,7.496270751953125,7.754819393157959,1.8387469053268433,-0.6248866319656372
1728893816049280500,7.506280517578125,8.094796180725098,1.965639591217041,-0.6200982332229614
1728893816059290400,7.516290283203125,8.200140953063965,2.140416383743286,-0.6320692300796509
1728893816069269500,7.52626953125,8.22887134552002,2.274491548538208,-0.629675030708313
1728893816079279400,7.536279296875,8.281543731689453,2.319981336593628,-0.569819986820221
1728893816089258500,7.546258544921875,8.243236541748047,2.3798365592956543,-0.5386953949928284
1728893816099238000,7.55623779296875,8.238448143005371,2.477998733520508,-0.48602294921875
1728893816109217000,7.566217041015625,8.348581314086914,2.5522189140319824,-0.4213795065879822
1728893816119196400,7.576196533203125,8.576030731201172,2.6192567348480225,-0.45010992884635925
1728893816129175600,7.586175537109375,8.899248123168945,2.7557260990142822,-0.47165772318840027
1728893816139154700,7.59615478515625,9.095572471618652,2.8778305053710938,-0.5386953949928284
1728893816149134000,7.606134033203125,9.263166427612305,3.0310592651367188,-0.6129156351089478
1728893816159113200,7.61611328125,9.198522567749023,3.114856481552124,-0.6153098344802856
1728893816169092600,7.626092529296875,8.973467826843262,3.1076738834381104,-0.6416460275650024
1728893816179102200,7.636102294921875,8.875306129455566,3.047818660736084,-0.6823474764823914
1728893816189051100,7.646051025390625,8.743624687194824,3.066972494125366,-0.6703764796257019
1728893816199060700,7.656060791015625,8.856152534484863,3.066972494125366,-0.6991068720817566
1728893816209070600,7.666070556640625,9.227252960205078,2.964021682739258,-0.828393816947937
1728893816219080400,7.67608056640625,9.619902610778809,3.023876667022705,-0.8882488012313843
1728893816229059600,7.6860595703125,9.744400978088379,3.1962592601776123,-0.950498104095459
1728893816239069400,7.6960693359375,9.627084732055664,3.4524388313293457,-0.9074024558067322
1728893816249048600,7.706048583984375,9.349357604980469,3.5242648124694824,-0.7206547260284424
1728893816259058400,7.716058349609375,9.033323287963867,3.555389642715454,-0.5219359993934631
1728893816269068000,7.726068115234375,8.722076416015625,3.6128504276275635,-0.363918662071228
1728893816279047400,7.73604736328125,8.451532363891602,3.646369218826294,-0.33758243918418884
1728893816289026600,7.746026611328125,8.429984092712402,3.6343982219696045,-0.3280056416988373
1728893816299036400,7.756036376953125,8.592789649963379,3.581725835800171,-0.31842881441116333
1728893816309015600,7.766015625,8.89445972442627,3.799597978591919,0.047884032130241394
1728893816318995000,7.775994873046875,8.978256225585938,3.60566782951355,-0.13168109953403473
1728893816329004500,7.786004638671875,9.430760383605957,3.641580820083618,-0.12210428714752197
1728893816338984000,7.79598388671875,9.409213066101074,3.641580820083618,-0.06703764945268631
1728893816348963000,7.805963134765625,9.430760383605957,3.4955344200134277,0.016759412363171577
1728893816358973000,7.815972900390625,9.500192642211914,3.361459255218506,0.16759411990642548
1728893816368982800,7.825982666015625,9.593565940856934,3.1531636714935303,0.33039984107017517
1728893816378962000,7.8359619140625,9.488221168518066,3.0765492916107178,0.3471592366695404
1728893816388941300,7.84594140625,9.543288230895996,3.07415509223938,0.3208230137825012
1728893816398920400,7.85592041015625,10.163386344909668,2.849100112915039,0.28969839215278625
1728893816408869000,7.865869140625,11.049241065979004,2.6886885166168213,0.09816227108240128
1728893816418879000,7.87587890625,12.105083465576172,2.691082715988159,-0.1364694982767105
1728893816428888600,7.885888671875,13.115436553955078,2.695871114730835,-0.4668693244457245
1728893816438868000,7.895867919921875,13.687650680541992,2.6455929279327393,-0.5961562395095825
1728893816448847000,7.90584716796875,13.773842811584473,2.5785553455352783,-0.3926490843296051
1728893816458857000,7.91585693359375,13.431471824645996,2.5546131134033203,-0.09576806426048279
1728893816468836000,7.925836181640625,12.828132629394531,2.5761611461639404,0.16998831927776337
1728893816478846000,7.935845947265625,11.93509578704834,2.7269957065582275,0.4692635238170624
1728893816488855800,7.945855712890625,11.159374237060547,2.9544448852539062,0.6129156351089478
1728893816498835000,7.9558349609375,10.60152530670166,2.9041666984558105,0.7709329724311829
1728893816508814300,7.965814453125,10.110713958740234,2.87064790725708,0.993593692779541
1728893816518793500,7.97579345703125,9.916783332824707,2.829946517944336,1.0079588890075684
1728893816528772600,7.985772705078125,10.400412559509277,2.6839001178741455,0.7589619159698486
1728893816538782500,7.995782470703125,11.350910186767578,2.808398485183716,0.5746083855628967
1728893816548792300,8.005792236328125,12.15296745300293,3.028665065765381,0.47165772318840027
1728893816558771500,8.015771484375,12.550405502319336,3.2106244564056396,0.4572925269603729
1728893816568720100,8.02572021484375,12.284648895263672,3.1866824626922607,0.6248866319656372
1728893816578760400,8.035760498046875,11.458649635314941,2.9496564865112305,0.9217676520347595
1728893816588739800,8.04573974609375,10.438719749450684,2.5785553455352783,1.2641384601593018
1728893816598780200,8.0557802734375,9.579200744628906,2.252943754196167,1.5179238319396973
1728893816608789800,8.065789794921875,8.705317497253418,2.030282974243164,1.5825673341751099
1728893816618799600,8.075799560546875,8.523358345031738,1.7357962131500244,1.4724340438842773
1728893816628778800,8.08577880859375,8.595184326171875,1.5442601442337036,1.2665326595306396
1728893816638758100,8.095758056640625,8.753201484680176,1.5107412338256836,1.0127472877502441
1728893816648737300,8.1057373046875,8.916007041931152,1.5466543436050415,0.7206547260284424
1728893816658716700,8.115716552734375,9.026140213012695,1.6711528301239014,0.5363011956214905
1728893816668695800,8.12569580078125,8.93037223815918,1.8315643072128296,0.44771572947502136
1728893816678705700,8.13570556640625,8.808267593383789,1.9919757843017578,0.3998316824436188
1728893816688715300,8.14571533203125,8.695740699768066,2.078166961669922,0.3711012601852417
1728893816698694700,8.155694580078125,8.736441612243652,2.0685901641845703,0.33997663855552673
1728893816708673800,8.165673828125,8.7268648147583,1.9608511924743652,0.4812345504760742
1728893816718683600,8.17568359375,8.236053466796875,1.9033904075622559,0.43335050344467163
1728893816728693500,8.185693603515626,8.166622161865234,1.900996208190918,0.35434186458587646
1728893816738703000,8.195703125,8.255207061767578,1.9033904075622559,0.26096799969673157
1728893816748682500,8.2056826171875,8.35336971282959,2.011129379272461,0.3016694188117981
1728893816758661600,8.21566162109375,8.382100105285645,2.126051187515259,0.42856210470199585
1728893816768610300,8.2256103515625,8.635885238647461,2.0877439975738525,0.3998316824436188
1728893816778620200,8.2356201171875,8.899248123168945,2.0039467811584473,0.28730419278144836
1728893816788630000,8.245630126953126,9.136273384094238,2.0254945755004883,0.22505496442317963
1728893816798609200,8.255609130859375,9.188945770263672,2.0685901641845703,0.1843535304069519
1728893816808588300,8.26558837890625,9.241618156433105,2.1116859912872314,0.20111294090747833
1728893816818567700,8.275567626953125,9.030928611755371,2.1930887699127197,0.33997663855552673
1728893816828546800,8.285546875,8.887276649475098,2.2385785579681396,0.507570743560791
1728893816838526200,8.295526123046875,8.901641845703125,2.293645143508911,0.5817909836769104
1728893816848475000,8.305474853515625,8.880094528198242,2.279279947280884,0.5889736413955688
1728893816858484700,8.315484619140625,8.858546257019043,2.296039342880249,0.751779317855835
1728893816868494300,8.325494384765625,8.884882926940918,2.1523873805999756,0.8092401623725891
1728893816878504200,8.335504150390625,9.05487060546875,2.0374655723571777,0.8403648138046265
1728893816888483300,8.3454833984375,9.334992408752441,1.9776105880737305,0.9026140570640564
1728893816898462700,8.355462646484375,9.394847869873047,2.0638017654418945,1.0127472877502441
1728893816908441900,8.36544189453125,9.421183586120605,2.1547815799713135,1.0654197931289673
1728893816918421200,8.375421142578125,9.528923034667969,2.161964178085327,1.0989385843276978
1728893816928370000,8.385369873046875,9.433155059814453,2.169146776199341,1.2234370708465576
1728893816938379800,8.3953798828125,9.337387084960938,2.1380221843719482,1.3431471586227417
1728893816948389400,8.405389404296875,9.330204010009766,2.099714994430542,1.3527239561080933
1728893816958399200,8.415399169921875,8.992621421813965,2.209848165512085,1.8794482946395874
1728893816968378400,8.42537841796875,9.342175483703613,2.2170307636260986,1.6280571222305298
1728893816978357800,8.435357666015625,9.619902610778809,2.252943754196167,1.37906014919281
1728893816988337000,8.4453369140625,9.694122314453125,2.4205379486083984,1.0606313943862915
1728893816998316300,8.45531640625,9.435548782348633,2.7557260990142822,1.158793568611145
1728893817008295400,8.46529541015625,9.404424667358398,2.6408045291900635,1.1875240802764893
1728893817018305300,8.47530517578125,9.418789863586426,2.6216509342193604,1.0295066833496094
1728893817028315000,8.48531494140625,9.311050415039062,2.7485435009002686,0.9457096457481384
1728893817038324700,8.49532470703125,9.313444137573242,2.6647465229034424,0.8738836050033569
1728893817048303900,8.505303955078125,9.461885452270508,2.389413356781006,0.7134721279144287
1728893817058283300,8.515283203125,9.519346237182617,2.209848165512085,0.6129156351089478
1728893817068262400,8.525262451171875,9.512163162231445,2.1284453868865967,0.5027823448181152
1728893817078302700,8.535302734375,9.481039047241211,2.1523873805999756,0.35913026332855225
1728893817088282000,8.5452822265625,9.526528358459473,2.2170307636260986,0.3280056416988373
1728893817098261200,8.55526123046875,9.48343276977539,2.229001760482788,0.4141969084739685
1728893817108271000,8.56527099609375,9.646238327026367,2.1356279850006104,0.40940847992897034
1728893817118280700,8.57528076171875,9.6989107131958,2.121262788772583,0.33758243918418884
1728893817128260000,8.585260009765625,9.713275909423828,2.2361843585968018,0.395043283700943
1728893817138239200,8.5952392578125,9.576807022094727,2.3056161403656006,0.5003881454467773
1728893817148249000,8.6052490234375,9.042900085449219,2.3535003662109375,0.629675030708313
1728893817158258700,8.6152587890625,8.664615631103516,2.3774423599243164,0.7206547260284424
1728893817168238000,8.625238037109375,8.38449478149414,2.473210334777832,0.7230489253997803
1728893817178217200,8.63521728515625,8.257601737976074,2.612074136734009,0.6416460275650024
1728893817188166100,8.645166259765626,8.487444877624512,2.6168625354766846,0.40222588181495667
1728893817198175700,8.65517578125,9.248801231384277,2.5929205417633057,0.12210428714752197
1728893817208185600,8.665185546875,10.589553833007812,2.5713725090026855,-0.06464344263076782
1728893817218195500,8.675195556640626,12.030863761901855,2.5282769203186035,-0.14604631066322327
1728893817228174600,8.685174560546875,13.424288749694824,2.4684219360351562,-0.05267243832349777
1728893817238184400,8.695184326171875,13.773842811584473,2.3989901542663574,-0.040701430290937424
1728893817248194000,8.705194091796875,13.108254432678223,2.2601263523101807,0.1388636976480484
1728893817258173400,8.71517333984375,12.05959415435791,2.011129379272461,0.40940847992897034
1728893817268152600,8.725152587890625,11.037269592285156,1.647210717201233,0.6153098344802856
1728893817278162400,8.735162353515625,9.770736694335938,1.4867992401123047,0.6775590777397156
1728893817288141600,8.7451416015625,9.107542991638184,1.3766659498214722,0.5626373887062073
1728893817298121000,8.755120849609375,9.153033256530762,1.4724340438842773,0.3519476354122162
1728893817308069600,8.765069580078125,9.50498104095459,1.802833914756775,0.15801730751991272
1728893817318079500,8.77507958984375,9.849745750427246,2.2218191623687744,0.011971008032560349
1728893817328058600,8.78505859375,10.093954086303711,2.4660277366638184,-0.12210428714752197
1728893817338068500,8.795068359375,10.204087257385254,2.7437551021575928,-0.1867477297782898
1728893817348047600,8.805047607421875,10.110713958740234,2.9927520751953125,-0.1843535304069519
1728893817358057500,8.815057373046875,9.804255485534668,3.0190882682800293,-0.2106897532939911
1728893817368067000,8.825067138671875,9.442731857299805,2.8443117141723633,-0.20350714027881622
1728893817378077000,8.835076904296875,8.968679428100586,2.535459518432617,-0.17717093229293823
1728893817388056000,8.84505615234375,8.655038833618164,2.255337953567505,-0.1604115068912506
1728893817398066000,8.85506591796875,8.508993148803711,1.9728221893310547,-0.07661445438861847
1728893817408045300,8.86504541015625,8.552088737487793,1.6927006244659424,-0.12689268589019775
1728893817418024400,8.8750244140625,8.578424453735352,1.4987702369689941,-0.26815059781074524
1728893817428003600,8.885003662109375,8.78193187713623,1.4987702369689941,-0.31124621629714966
1728893817437983000,8.89498291015625,9.035717010498047,1.5969325304031372,-0.304063618183136
1728893817447962000,8.904962158203125,9.351752281188965,1.6400281190872192,-0.33997663855552673
1728893817457941500,8.91494140625,9.516951560974121,1.6280571222305298,-0.35673606395721436
1728893817467920600,8.924920654296875,9.615114212036133,1.625662922859192,-0.3734954595565796
1728893817477900000,8.934900146484376,9.775525093078613,1.5825673341751099,-0.40462008118629456
1728893817487879200,8.944879150390625,9.59596061706543,1.5394717454910278,-0.5291185975074768
1728893817497858300,8.9548583984375,9.509769439697266,1.802833914756775,-0.17717093229293823
1728893817507837700,8.964837646484375,9.536105155944824,1.8483237028121948,0.011971008032560349
1728893817517847600,8.97484765625,9.646238327026367,1.7597382068634033,-0.019153613597154617
1728893817527826700,8.98482666015625,9.782708168029785,1.8962076902389526,-0.05506663769483566
1728893817537836500,8.99483642578125,9.909601211547852,2.0254945755004883,-0.05506663769483566
1728893817547846100,9.00484619140625,10.04846477508545,2.0039467811584473,-0.14604631066322327
1728893817557856000,9.01485595703125,10.04846477508545,2.03507137298584,-0.1867477297782898
1728893817567835100,9.024835205078125,9.995792388916016,2.1116859912872314,-0.19632454216480255
1728893817577814500,9.034814453125,9.962273597717285,2.166752576828003,-0.15562310814857483
1728893817587793700,9.044793701171875,9.84495735168457,2.2170307636260986,-0.10534487664699554
1728893817597773000,9.05477294921875,9.68933391571045,2.2625205516815186,-0.011971008032560349
1728893817607721700,9.0647216796875,9.5408935546875,2.276885747909546,0.07900865375995636
1728893817617762000,9.074761962890625,9.38048267364502,2.293645143508911,0.09816227108240128
1728893817627741200,9.0847412109375,9.435548782348633,2.3056161403656006,0.07900865375995636
