time,x,y,z
1736378016960850400,-0.24548282705545424,0.22767069151103494,0.10385494501637295
1736378016970912500,-0.47008156377524135,0.16691665534079073,0.22756841844664885
1736378016980975400,-0.5794938323915004,0.28800445644259454,0.18250704144882038
1736378016991037400,-0.4166537788398564,0.5246002126872539,-0.11020224081701599
1736378017001100300,-0.13142726267799734,0.426605117881298,-0.4635504084408283
1736378017011162400,0.07169599368423223,-0.05545592976212501,-0.6036386780887841
1736378017021224400,0.23173662577569484,-0.4087830454647541,-0.5471048899620771
1736378017031287600,0.552924828287214,-0.6459563093364238,-0.5344073209524154
1736378017041349400,0.8295585804097354,-0.7163485269457102,-0.6685872433394193
1736378017051412200,1.0054567068465055,-0.7259756024688482,-0.70232409324646
1736378017061474300,1.0135048426151274,-0.8162988474726677,-0.6691992377579212
1736378017071537400,0.9213961754992603,-1.0531167220354078,-0.7515501887083054
1736378017081599500,0.6863207606896757,-1.4012152894347905,-1.2405132708251476
1736378017091662300,0.6167901283457875,-1.613355234336853,-2.0036568666934964
1736378017101724400,0.6905962460517883,-1.6690490645080804,-2.4167162743031976
1736378017111787300,0.5730065161988139,-1.8048866909742354,-2.520641928201914
1736378017121849300,0.33443186109662054,-2.0141507881790397,-2.326788750618696
1736378017131912400,0.11972615735977887,-2.2235610158562658,-1.753032585096359
1736378017141974500,0.027307985903322694,-2.103814692491293,-0.9965817648649216
1736378017152036400,-0.14305354919433594,-1.6408517285495996,-0.2567477329134941
1736378017162099500,-0.4106497161194682,-1.2060861005663872,0.017110270885378122
1736378017172161300,-0.6116320149302482,-0.9936316828876733,-0.2747076794307679
1736378017182224600,-0.6007829963967204,-0.9445563940733671,-0.7927765175879001
1736378017192286500,-0.30211802973002194,-0.9602063831478357,-0.983133231357485
1736378017202349300,0.29668022259026766,-0.7274170334488153,-0.9837458102978766
1736378017212411400,0.9786427880704403,-0.2559890235006809,-0.7552548884451389
1736378017222474200,1.3618357574656605,-0.05803893199265003,-0.11863814292736351
1736378017232536300,1.1592618055492638,-0.3279840001314878,0.1893874303460121
1736378017242599400,0.7759449175134301,-0.7245569678425788,-0.04549216963052749
1736378017252661500,0.7972662302225828,-0.7684300118386745,-0.3604547756254673
1736378017262724400,1.1284569174408912,-0.43626901828348635,-0.3846082430206239
1736378017272786400,1.3825249097511172,0.230753459957242,-0.22216887922436
1736378017282848300,1.2987503557384013,0.986703929451108,-0.014248451713472604
1736378017292911400,1.1091896146520972,1.6598001746475695,0.08757306951284408
1736378017302973400,0.8060869577988982,2.0268162084847687,0.4430931652151048
1736378017313036500,0.33376375257670876,1.8421160591721533,1.0624806165777145
1736378017323098400,-0.21609774261713027,1.0436603269040583,1.7052081731259823
1736378017333161500,-0.7165484334319829,-0.4127390896141529,1.972659670883417
1736378017343223300,-1.0313622786059975,-2.1720535314589737,1.8153461256682872
1736378017353286400,-1.4032847891852258,-3.6154695477634666,1.619354767012596
1736378017363348500,-1.7099945306196809,-4.416513542959094,1.500086728683859
1736378017373411300,-1.6393895470425486,-4.59524397021234,1.45815049796924
1736378017383473400,-1.3357467919632793,-4.487078194525838,1.5447988538525999
1736378017393536300,-1.3412965350449084,-4.627501979738474,1.8676712100587785
1736378017403598300,-1.753771420764923,-5.21515339962244,2.334954229156673
1736378017413660200,-1.8071446990340947,-5.63944205725491,2.939745292150974
1736378017423723500,-1.0872738431811333,-5.7998611672699445,3.8834476997435092
1736378017433785300,0.2883203905239701,-5.0619519659012555,3.9010090753972526
1736378017443848400,1.9317519064337014,-3.4827684657573696,3.6819068902671335
1736378017453910300,3.005583499717712,-2.227179206353426,3.4869372758746144
1736378017463973400,3.508510809779167,-1.1958552139312029,2.959165447413921
1736378017474035500,3.7410119901865717,-0.09870645794570446,1.8985690371476112
1736378017484098600,3.5725279393985865,1.0016881480932236,0.9179729230523109
1736378017494160400,2.939531064878404,1.857870677664876,0.4722609536409378
1736378017504223200,1.8721759741321204,2.2177152124375104,0.3283082636497915
1736378017514285300,0.7964642661899328,1.981852446642518,-0.05011018481999635
1736378017524347400,0.3510521565079689,1.5697896488547325,-0.7038496953785419
1736378017534410500,0.42294542632997034,0.8345335923433304,-1.239942631330341
1736378017544472600,0.7380547473192215,-0.28268764533400537,-1.2979003147803245
1736378017554536200,1.3695236816197633,-1.1914677926272152,-1.0641465039633213
1736378017564598000,2.220116136099398,-1.6342495538055897,-1.105885020148754
1736378017574661000,2.9908900807157157,-1.6448171250492334,-1.6707365792036055
1736378017584723000,3.519691544485092,-0.9637211132705211,-2.4736966371536253
1736378017594786000,3.2704125400170683,0.32724691802859307,-2.899191163444519
1736378017604848000,2.3741098892420527,1.5658891342848538,-2.5017443355083464
1736378017614911000,1.719376983731985,2.6456559628367424,-1.7843138585448264
1736378017624973000,1.4067454510331152,3.581262157735228,-1.0273287853062152
1736378017635036000,1.4453484456717967,4.458355957910419,0.34408231749534607
1736378017645098200,1.9425895267903803,6.001509528774022,2.037088011652231
1736378017655160000,2.3906727553777394,8.634297826731204,3.818232007989287
1736378017665223200,1.8964675348237157,12.278569690608977,5.098435484167934
1736378017675285000,1.5644703535281121,16.038329051363466,5.713844679549336
1736378017685348000,1.8365609092630444,17.100134106767175,6.230429928085208
1736378017695410000,0.29750293715000153,13.870545452308654,3.695542616909742
1736378017705473300,-2.78402515360713,6.3738943961679935,1.34146619252339
1736378017715535000,-4.673362105898558,-0.795296391454339,-0.32450492584407326
1736378017725598200,-4.4396343063056465,-5.679563639762997,-1.13854868786633
1736378017735660000,-1.5064860743321478,-7.658779308161139,0.6672466423854232
1736378017745723100,2.2324898799821735,-8.189009051167965,3.8118788395702836
1736378017755785000,4.158660186891257,-8.900731671878695,6.770262196695804
1736378017765848000,3.530453761518001,-10.179972440505027,7.862610274401306
1736378017775910100,0.8055250861324369,-11.146790350747107,6.379871717011929
1736378017785972200,-1.77993374376446,-11.193552101922034,4.271167498913407
1736378017796035000,-3.2972835958078504,-11.260021593129634,3.021805735722184
1736378017806097200,-3.821687993662059,-11.646449014401435,3.349496305865049
1736378017816160300,-3.251744664426148,-11.956708557271957,5.421976533415913
1736378017826222000,-2.196707641852647,-11.85422082722187,7.890349345198273
1736378017836285200,-1.3650912521302698,-11.195714832913875,8.426893093657494
1736378017846347000,-1.479126796633005,-10.92589485245943,8.709889951071142
1736378017856410000,-2.353989038363844,-10.821570554631947,8.548449096792936
1736378017866472000,-4.1002442382797595,-9.359039503490925,6.396053036484122
1736378017876535300,-7.194155133008956,-6.415240552034974,4.902614221382141
1736378017886597000,-9.516766890203952,-3.8939071344375606,4.37453961058259
1736378017896659200,-9.978873529577255,-1.9110165769189595,2.2123399491399525
1736378017906722000,-9.27523484660089,-0.5362924040466547,0.13310147950053214
1736378017916784000,-7.938325148338079,-0.7172574584841728,0.07401800689101219
1736378017926847200,-6.104958212810755,-2.846366166707873,1.0118687658458947
1736378017936909300,-4.538840530467033,-5.750027753564715,1.0075029718518256
1736378017946972200,-2.9325626871705053,-7.790586656197905,0.321278949534893
1736378017957034000,-1.0536295669283717,-8.427527884429693,-0.6257721839636564
1736378017967097000,0.9116455466616898,-8.142418564906716,-1.1903893497407436
1736378017977159000,2.1403248065039513,-7.575518256628513,-1.7209721439689396
1736378017987222300,2.88881940703392,-5.925336389675736,-2.293071774455905
1736378017997284000,3.3667750651851294,-3.406245490308106,-2.506097854542732
1736378018007347200,3.1809663701087234,-0.8902724307000637,-3.2197359534859658
1736378018017409000,1.9034132623083888,1.834584202362597,-4.970086752152443
1736378018027471000,0.1349197809688747,4.720305643381178,-7.22477180506885
1736378018037534000,-1.3483626740388572,6.925927390182018,-10.198264468520879
1736378018047596300,-1.6487638168483971,7.605368620491028,-13.174725918650626
1736378018057659100,-1.0649617658689619,7.005194403642416,-14.036290141260624
1736378018067721200,0.13840776921510695,5.457570409366488,-11.898649167013168
1736378018077784000,1.7841750345960259,3.397085447774827,-8.436889002493023
1736378018087846100,3.228879337145388,1.8438129262179135,-6.240046482214331
1736378018097909200,4.33412518260777,0.9988999786794185,-5.0464428466022015
1736378018107971000,5.015926127785444,0.5646706495299935,-4.961642748934031
1736378018118034200,5.365004938393831,0.6292402984656393,-6.0200312738925215
1736378018128096000,4.806712007202208,0.8820863477654755,-6.837460586699843
1736378018138158000,2.254035064575076,0.9159156982615589,-7.389919697171449
1736378018148221000,-2.7327713517099617,4.678891390714049,-1.2147820327192544
1736378018158283000,-7.922621967771649,16.83955074121356,19.590814611947536
1736378018168346000,0.014108458720892668,-9.379893490949273,-25.381605168533323
1736378018178408200,4.035935724498331,-7.80324038606584,-33.24061420357227
1736378018188471000,0.1747461799226701,-4.897486503104865,-51.02115750889778
1736378018198533000,-1.4756544443473218,0.6661487641461193,15.370097781854867
1736378018208596000,2.626881704261899,1.6512031728245318,12.375301049089432
1736378018218658300,1.3720577301420271,-0.6198186823867261,-14.928586186742782
1736378018228721200,0.37667964197844267,0.4372448410457,3.594715513548255
1736378018238783200,0.5522407184805721,0.11374814239609986,-1.33351654869318
1736378018248846000,0.7078061048541218,0.20155695689357817,-0.5188976171314716
1736378018258908200,0.9747955380577593,0.2353362029039301,-0.47138709341585633
1736378018268970000,1.5719374745383858,0.37065102933868765,-0.3408902434557676
1736378018279033000,2.8148224429309368,0.4451766934908926,0.28450433936715125
1736378018289095200,3.2455493169173595,0.8266154396299272,0.7166805353790521
1736378018299158000,2.0141814755782486,0.803903841606155,1.0132160888016224
1736378018309220000,0.40630861817523833,0.4387112968690693,1.0728460893779992
1736378018319283000,-2.107827727524936,-0.23433935561999678,0.9317074338942766
1736378018329345000,-4.228071869030595,-0.8929596239574253,0.9240326614826917
1736378018339408100,-1.6559169034734367,-0.1969511070659384,0.8138415174484253
1736378018349470200,0.4548800491206348,0.35601043650247155,1.0862713881403208
1736378018359533000,0.049363677301630375,0.163222641394753,0.48615211634933947
1736378018369595100,0.1590044209115207,0.1866045216292143,0.5695014306873083
1736378018379657000,0.1586931630052626,0.17296159806083886,0.5734796866685151
1736378018389720300,0.47426337950453157,0.20577627335535362,-0.8048854730546474
1736378018399782100,0.6996485173616558,0.2550662095673382,-1.3399351835638285
1736378018409845000,0.7687929999321699,0.29731406351439654,-1.0416378811657427
1736378018419907000,0.7103799739301204,0.3067529960542917,-0.7654056955814361
1736378018429970000,0.6271384308155625,0.32798268495723604,-0.4106465012490749
1736378018440032000,0.5213491750020534,0.3061828862824477,-0.06101824006438255
1736378018450095000,0.5001293499059974,0.2966305199633352,0.06040040042698383
1736378018460157200,0.49260107329301533,0.29719748793002215,0.08723463133871555
1736378018470219000,0.4827635698895901,0.27819261720338834,0.11541267807483672
1736378018480282000,0.4852236763928085,0.2728701618053019,0.08087327961325645
1736378018490344000,0.48779864144735036,0.27408474349314343,0.046133974665403366
1736378018500407300,0.4851760378587991,0.28630762592945247,0.0147878192871809
1736378018510469000,0.4972705994740128,0.2833153670446016,0.013137713992595671
1736378018520532200,0.5147079103566706,0.2881696386753581,0.007089081478118896
1736378018530594000,0.5077584565449506,0.311642192867957,0.015976736810803412
1736378018540656000,0.48658005943782623,0.3306916516549885,0.08802607397735118
1736378018550718700,0.4771246872197836,0.3233668617248535,0.07181494388878346
1736378018560781000,0.483077165883407,0.29792985732518135,0.060008186239004134
1736378018570844000,0.4659105617009103,0.27877872826196254,0.11189151821136474
1736378018580906000,0.4473146553676575,0.2682334784479812,0.16490297743082047
1736378018590968800,0.4423182353198528,0.2595093248476274,0.19973288327157496
1736378018601031000,0.43255876558870077,0.24999466019039973,0.22026363012492656
1736378018611092700,0.4310373281750828,0.24987388335494323,0.23486031075417993
1736378018621156000,0.4515456440009176,0.25595188809437674,0.21488719778358936
1736378018631218000,0.4525679727859795,0.26569639771841463,0.1786035860031843
1736378018641280800,0.45074426449015736,0.2616300981275737,0.14441080902218817
1736378018651342800,0.4430534177266061,0.25334623564062636,0.13610241488218305
1736378018661405700,0.4290549952514469,0.24996351613346485,0.11819441774785518
1736378018671467800,0.4738238555761054,0.27135159220220517,0.11715163069665431
1736378018681531000,0.46287835439816116,0.2653774314297363,0.09391688558161258
1736378018691593000,0.4537647448224947,0.25666911471933124,0.06841653362214564
1736378018701654800,0.4375033093187958,0.2528700877625495,0.09394085097908973
1736378018711718000,0.42297921900171787,0.23436134825609622,0.09881985519230366
1736378018721779700,0.40729974810443814,0.22563217142075298,0.07182488076090812
1736378018731843000,0.45294473367650057,0.26348365357238795,0.10511515594422817
1736378018741905000,0.4679263219701126,0.2683694528525695,0.08463000179827213
1736378018751968000,0.4874135876525193,0.27897118209414185,0.07309738491475581
1736378018762029800,0.4779345057653263,0.25835180710926653,0.0553694205224514
1736378018772092000,0.48102801480125634,0.2396207300890237,0.055251931622624394
1736378018782154800,0.42447395107150077,0.18998676621234042,0.05926525891721248
1736378018792216800,0.33146154004894196,0.046696412587445224,0.054798342636227605
1736378018802280000,0.2108708017490804,-0.23056686961026862,0.0015390461355447769
1736378018812342000,0.21055976303853094,-0.6025495676778256,0.004624152669310569
1736378018822404900,0.5697208455916494,-0.35943664809148757,0.16325988639891148
1736378018832467000,0.9558343055434525,0.47296829819269476,0.22515724738538265
1736378018842528800,0.9761264213353394,1.1244259814243762,0.1784428424835205
1736378018852591900,0.8208144982662051,0.5614072272872552,0.10306991385221481
1736378018862654000,0.6954136562708765,0.35897823679950086,0.16093582736551762
1736378018872716800,0.7182641513086855,0.37841406455561516,0.1853875470548868
1736378018882779000,0.5944087851896882,0.42720509306844323,0.18778584036827087
1736378018892841700,0.48910899339355524,0.36199360256530344,0.1607400125324726
1736378018902903800,0.2323837645728141,0.5241636479008942,0.10155307954847811
1736378018912966000,0.19421930748187005,0.5404252660676837,0.09921616103351115
1736378018923029000,0.2551657244190573,0.4576972984984517,0.08488719142973422
1736378018933090800,0.3811369867134839,0.32507476162128146,0.07997954564392566
1736378018943154000,0.4509775617893785,0.2872930750365369,0.09018705140352248
1736378018953215700,0.4817117227490991,0.2804652017778717,0.08784311862587928
1736378018963279000,0.48813401088155806,0.27353951243422925,0.0814899502068758
1736378018973341000,0.47983204648233946,0.2742841202564537,0.09624211365878581
1736378018983403000,0.49014725040011103,0.2713985731490888,0.0839168850928545
1736378018993465900,0.4901259884163737,0.27783867093287407,0.08789572559595107
1736378019003528000,0.4929031249795109,0.27411817083870993,0.07987608526945114
1736378019013590800,0.4915468880649656,0.2735832967770286,0.0818815798729658
1736378019023652900,0.4881898327220231,0.27632439391240476,0.09720482121109962
1736378019033716000,0.48831017116606235,0.2739469241913408,0.08783961149454117
1736378019043778000,0.4870663816500455,0.27203287073094395,0.09838730899393558
1736378019053840000,0.4777768675182014,0.27141714998539535,0.09892390008866786
1736378019063903000,0.475808197793737,0.26868969778288154,0.08553834881484508
1736378019073964800,0.4759830429039895,0.2678381407211535,0.07543488795161246
1736378019084028000,0.47195481030121444,0.2708103979975916,0.0643190351754427
1736378019094090000,0.4676617892824113,0.26373006608150895,0.06595745003223419
1736378019104152800,0.4560002122569829,0.24508049333225934,0.07201601941883563
1736378019114215000,0.4584515874644741,0.23835582471974193,0.08162205215394497
1736378019124277000,0.4431182265911251,0.24665152377495542,0.11437573624253272
1736378019134339800,0.43430834920238703,0.23530748826609924,0.12570786211788654
1736378019144401700,0.4258297130620107,0.23441220166049898,0.1391419287085533
1736378019154465000,0.4273375238090753,0.2360180842208676,0.14872925674319265
1736378019164526800,0.4246839405603707,0.23107739468198268,0.15318565163016318
1736378019174590000,0.42749486979525536,0.22555408294955268,0.135190560734272
1736378019184651800,0.4245417921433225,0.21798963904464616,0.12303542803823947
1736378019194713900,0.41843649753816425,0.2226662525535561,0.11656360167562961
1736378019204777000,0.4124735340131446,0.21934227749630808,0.11757950071990489
1736378019214839000,0.41329241264797745,0.21831611278634516,0.10033552045226096
1736378019224902000,0.42167120514307166,0.2268703714461997,0.09280746303498745
1736378019234964000,0.41053613620977847,0.22585176898818463,0.10951485220789908
1736378019245026800,0.4187199541220441,0.22137705299323424,0.10319383249282836
1736378019255089000,0.4178038256578147,0.22842326344400643,0.0939075332313776
1736378019265152000,0.40851694187447424,0.2251055537307635,0.08881985470354556
1736378019275214000,0.41779366958998143,0.22391877336530014,0.09495791906714439
1736378019285276000,0.40806192811597136,0.21618313761195165,0.08878127625882624
1736378019295338800,0.4094318282296881,0.21709015118796376,0.09291501506268977
1736378019305400800,0.4176429725402966,0.21858860958479343,0.08298048102557659
1736378019315463700,0.4059275829683989,0.21894717723149806,0.08910451686382294
1736378019325526000,0.40055765343308447,0.21724647426083682,0.0954150151848793
1736378019335588900,0.3863898292077705,0.2097718275312334,0.11265256571173667
1736378019345651000,0.38009003494381904,0.20635239274287595,0.11655132671594619
1736378019355712800,0.37352753462307153,0.2063010461481288,0.12763210817873477
1736378019365776000,0.36704551566001026,0.20015591272292657,0.1262900459200144
1736378019375837700,0.3606135829163715,0.20453040148010476,0.11553250506222247
1736378019385901000,0.35744653372019525,0.19783123263502492,0.11839666232168673
1736378019395963000,0.3513742646018043,0.194601913591288,0.1221586452037096
1736378019406026000,0.33921894924268126,0.19531176062738523,0.12560031009018421
1736378019416087800,0.3511712163103744,0.18461932089505717,0.07964636816680432
1736378019426151000,0.3335463834989816,0.1778035216666758,0.08946925852298736
1736378019436212700,0.341404695783928,0.18781713055567814,0.10348024821877479
1736378019446275000,0.34260734957195815,0.18166198719311505,0.09430208550691604
1736378019456338000,0.3364825100161135,0.17867555526085196,0.10504968949258327
1736378019466400000,0.3291073781382292,0.17531144912261515,0.10810907706320286
1736378019476462800,0.3140574007835239,0.1738201693852432,0.12133797647058964
1736378019486525000,0.31142084173485635,0.17952725845305248,0.11720423766672611
1736378019496588000,0.3116705787122249,0.16870655269855633,0.12296645445525646
1736378019506649900,0.30337639576066283,0.16520473685637116,0.11764438264966011
1736378019516712000,0.3047002647755667,0.16066422561621294,0.11831482925713062
1736378019526774800,0.2995521612973884,0.1629724842922762,0.11091127500236034
1736378019536836900,0.291099865174666,0.1628405102093704,0.11427052230238914
1736378019546899700,0.28753132250551133,0.16222606810545548,0.11763970647454261
1736378019556961800,0.2716377704661339,0.15583136209966614,0.11876783372163773
1736378019567025000,0.2893204709446057,0.1631887756577693,0.11256196481883525
1736378019577087000,0.27252149449810387,0.1549413544573821,0.10889935065805911
1736378019587148800,0.2877591399120167,0.14802832366591318,0.10928221249580383
1736378019597212000,0.2744161491382867,0.14261594322836027,0.11549743374884128
1736378019607273700,0.2646597846796736,0.14148602588297798,0.13457798179388045
1736378019617336800,0.2635493026871234,0.14638004500223323,0.12402911525070666
1736378019627399000,0.2648074860546738,0.14427857921095563,0.1169213290721178
1736378019637462000,0.2555858860598877,0.14422551558315752,0.1238707098186016
1736378019647523800,0.2597169579826295,0.1360298976352438,0.12349077059030532
1736378019657586000,0.2596801331035793,0.13973330046413465,0.10604045409560203
1736378019667648800,0.250102888071537,0.1348650916395709,0.1119365263968706
1736378019677710800,0.24467337383609264,0.13164158128211273,0.1119891333669424
1736378019687774000,0.24497780014276502,0.12592784327780826,0.10649345856010914
1736378019697836000,0.2440683206150308,0.13015164411845617,0.12852934927940368
1736378019707899000,0.23811006979774682,0.13040771950506605,0.10986673438549041
1736378019717961000,0.23701328753698617,0.12998191357473843,0.1155745906382799
1736378019728023800,0.24543098727036267,0.12999603343163615,0.12038637483417987
1736378019738085600,0.24082955788951366,0.12699084199997596,0.1160626664161682
1736378019748148000,0.22685071689765898,0.12649227222753687,0.09765607210993767
1736378019758210800,0.22653792462144046,0.12553467924175785,0.09466624264419078
1736378019768273000,0.22881186090279368,0.12236952060856855,0.11231354301571846
1736378019778335700,0.22440303148459642,0.12784593359250573,0.11424655690491199
1736378019788397800,0.22483389718253163,0.12662683099317365,0.11498071639835834
1736378019798461000,0.22874675977732986,0.11760723811020142,0.11869593752920626
1736378019808523000,0.21627646018490193,0.11913853933070785,0.10520458779335021
1736378019818584800,0.22418507788497954,0.1203949417331256,0.11789748062789439
1736378019828648000,0.21410024865698069,0.1235802846378181,0.10604454574882984
1736378019838709800,0.21239402926098555,0.11551942638494074,0.10076163690984248
1736378019848772900,0.21047058691773562,0.10811629225527868,0.10610007532835006
1736378019858834700,0.20635821969546375,0.11354735912699251,0.1020154363632202
1736378019868897800,0.21423176608216016,0.10407139164549298,0.1133352872788906
1736378019878959900,0.20608674581032246,0.10816919148629531,0.11597381908893585
1736378019889022000,0.20458474374953656,0.11534303777157329,0.11966332125663756
1736378019899084800,0.19923870654646306,0.11726419682619162,0.12755261320173739
1736378019909147000,0.20808654132541268,0.10460129727111198,0.12286065599322318
1736378019919210000,0.20193576361071316,0.10770096205319277,0.10814356385469436
1736378019929272000,0.19398363556247203,0.11079718363601714,0.13232991060614585
1736378019939335000,0.1902695834754035,0.10690975687657482,0.10863339319825172
1736378019949396700,0.19430468421038238,0.10666402022088878,0.1201017126739025
1736378019959458800,0.19260851128436624,0.1005127675821539,0.11285948646068572
1736378019969521700,0.19082911705430597,0.10949785540732554,0.11219722315967082
1736378019979583700,0.18996296521164477,0.10159391388236544,0.12066226916611193
1736378019989646800,0.18712693806812167,0.1013250977451913,0.11416180123090744
1736378019999709000,0.18533450169339774,0.10518059499640948,0.10511223333477973
1736378020009771800,0.18076229840703306,0.0989898323311936,0.11357552577555179
1736378020019833900,0.17804416202213613,0.10385417783139272,0.12652327015399933
1736378020029895700,0.17615473154634237,0.10136316473325714,0.12405541873574256
1736378020039959000,0.17304153142925352,0.09237330940142273,0.1097673656642437
1736378020050020900,0.17309654955212025,0.09915794630656018,0.11058861891925334
1736378020060084000,0.17210593107957392,0.09192478931578807,0.11170856285989283
1736378020070145800,0.16777422201819717,0.09830311044235714,0.11343056434690951
1736378020080209000,0.16990049345716834,0.09492561509958468,0.12757131790220735
1736378020090270700,0.1704889243369922,0.09490470930887386,0.12824351807534695
1736378020100332800,0.17699998673144726,0.0980682970394846,0.12487316485941409
1736378020110396000,0.17743859734442083,0.1017456977774389,0.1213479133427143
1736378020120458000,0.1695371400374919,0.09713829531352966,0.11423135933578013
1736378020130520800,0.1700023098638281,0.08652338692997581,0.10772037000656128
1736378020140583000,0.17239168921839446,0.09237599454885348,0.11467091979682445
1736378020150646000,0.16206855772249398,0.08852748416084796,0.1130868654757738
1736378020160707800,0.16035879466254263,0.09017400925885885,0.12093757897615431
1736378020170771000,0.1595031276812777,0.0892735258883331,0.12264730550348758
1736378020180832800,0.158199095878005,0.08832936777286231,0.12390578113198279
1736378020190894800,0.15573391134086995,0.08995284078884869,0.11543956608176231
1736378020200957700,0.15860113734025508,0.08863083493746816,0.11370295154750347
1736378020211019800,0.1575015420679003,0.08255540574761107,0.11734978361725806
1736378020221083000,0.1617378279307857,0.08886226907316595,0.116359603536129
1736378020231145000,0.16257869920171797,0.08484071280634961,0.11386544863283633
1736378020241206800,0.1601857396505773,0.08064635725589468,0.11242284860908984
1736378020251270000,0.1540350715337321,0.07679632163108326,0.1281938337147236
1736378020261331700,0.1537117213308811,0.08422739408044144,0.11282967584431171
1736378020271395000,0.1449050222799182,0.08139920318350195,0.11243278548121452
1736378020281457000,0.1523519772849977,0.0775605566023849,0.11398235301077365
1736378020291520000,0.1533248409051448,0.07609495016238652,0.1173264027416706
1736378020301581800,0.145702419735305,0.07948893084907904,0.12022446227073669
1736378020311644000,0.1552839025510475,0.07821084633781575,0.1205728373169899
1736378020321706800,0.1475048660473898,0.07551361574362964,0.11314122601151466
1736378020331768800,0.13976619808673857,0.07819919243264012,0.11139409008324146
1736378020341832000,0.14404274289477614,0.08185756880971602,0.11637304753959178
1736378020351894000,0.15107728117406366,0.07798270927090198,0.12209785492718218
1736378020361956900,0.1476979044014588,0.08096374350883997,0.12977145829498768
1736378020372018700,0.14812953728437422,0.07735622966932132,0.11768880631327629
1736378020382081800,0.14219364442937074,0.08288632733556442,0.1138321308851242
1736378020392144000,0.1443252130979672,0.07938512341473251,0.10774258183836936
1736378020402206000,0.1397095725286752,0.0832664766264148,0.1359223821401596
1736378020412268800,0.1403084152046591,0.07489768493552691,0.10782733751237392
1736378020422331000,0.14107117973808198,0.07824364349571987,0.10606851114630698
1736378020432393700,0.12921762380450963,0.07571874639429152,0.11673019041419029
1736378020442455800,0.14638806391190737,0.06599754458060487,0.11123159299790858
1736378020452517600,0.1303940837053582,0.0657394598999992,0.12249591433405875
1736378020462581000,0.13233462331388146,0.07299026214531622,0.12058803488612174
1736378020472642800,0.13510416109245268,0.0752982102941256,0.11673662015497684
1736378020482706000,0.1346544445635751,0.06877250745296477,0.11812018346786499
1736378020492767700,0.12290022081863135,0.07120316866599023,0.12369126159846781
1736378020502830800,0.13499653599951417,0.07246493223011494,0.11354279254972933
1736378020512893000,0.13031199491247533,0.07431605825582518,0.1144680907011032
1736378020522955000,0.13813147302437573,0.06630082010980695,0.11763912195265293
1736378020533017900,0.13049962643906474,0.06183250645617954,0.12051204704046249
1736378020543080000,0.1325117699790746,0.06848747996650635,0.116799748519063
1736378020553142000,0.12833269419614224,0.06267201688708737,0.12131985629200935
1736378020563204000,0.12013466509543358,0.06273261536736972,0.12074410223066806
1736378020573267200,0.12736808694768698,0.06763737507634796,0.11523615246415138
1736378020583329300,0.12133125446885823,0.06132858465518802,0.11107318756580352
1736378020593391000,0.13247224168628455,0.056808020224515345,0.11663725143373012
1736378020603454200,0.1279914064778015,0.06428466711496003,0.11441548373103141
1736378020613516000,0.11983714345358311,0.07058963987752795,0.12401917837858199
1736378020623579100,0.13460834039952604,0.07457056273985653,0.11985562895834445
1736378020633641000,0.12821586288344114,0.0696714838529937,0.12212298936843871
1736378020643704000,0.1281528441172093,0.06851960127097555,0.11556523828804492
1736378020653766100,0.12378416404630987,0.06904170718262903,0.11364976005554199
1736378020663828200,0.12435498620420693,0.06445070786424913,0.12249942146539687
1736378020673891000,0.1217947803273797,0.06579147321502678,0.1235702655673027
1736378020683953200,0.12394998559989034,0.06623868725956417,0.12718261084556579
1736378020694016300,0.11917221327144652,0.06124652326176874,0.12361001305580138
1736378020704078000,0.12157832456510513,0.06400764940502121,0.12004326048493384
1736378020714141200,0.11988047113865613,0.059116945620859035,0.11931377716660499
1736378020724203000,0.11843125871103256,0.06281524301636963,0.11783902843892574
1736378020734265000,0.11224077004045248,0.05872364458749071,0.12145488084852694
1736378020744328000,0.11308492924701422,0.06544511659592389,0.11129939753711222
1736378020754390000,0.11407404988221824,0.055476835552835835,0.1216442659407854
1736378020764453000,0.11957429126631468,0.06064185363319702,0.13138999940752982
1736378020774515200,0.12521090891379863,0.05643906818111427,0.1300625501960516
1736378020784578000,0.12053871585167944,0.053287718877568835,0.12634031480252741
1736378020794640100,0.11166421226151287,0.05756395315835252,0.12246902632713318
1736378020804702000,0.11727153074927628,0.0638773010236211,0.12608604778051374
1736378020814765300,0.11563834005687385,0.055098357629263774,0.12355506799817084
1736378020824827100,0.1106180276768282,0.05761189765303861,0.1105471178650856
1736378020834890200,0.1172946924291551,0.06287239829739555,0.13181085516810417
1736378020844952000,0.11552768275663255,0.05626105843281839,0.12644026804566383
1736378020855015000,0.11003883954938501,0.057833906373265194,0.12571312281489372
1736378020865077000,0.11255611959993839,0.056515115392277944,0.12602993367910384
1736378020875139000,0.1100009552244097,0.05308516377648338,0.1172176816701889
1736378020885202200,0.10930190357696265,0.050367621046630666,0.13474515505433082
1736378020895264300,0.1120383428035304,0.052586936497339046,0.1244458793580532
1736378020905327000,0.11774163247905671,0.058540940397768276,0.1339046125769615
1736378020915389200,0.10665438474286347,0.060116902743908573,0.11237959398925304
1736378020925452000,0.10990692026540637,0.056410933498595835,0.11689151845574378
1736378020935514000,0.11272468109987675,0.05821216966770589,0.11780220355987549
1736378020945576200,0.11136044354196638,0.04649183905920945,0.12005962709784507
1736378020955639000,0.107848855224438,0.04907132502524182,0.11109539939761161
1736378020965701000,0.10781203034538775,0.04910682103030849,0.12293547479510307
1736378020975764000,0.10917089760843664,0.04929997811538633,0.11651859349012374
1736378020985826000,0.10683240819089114,0.047411218926450234,0.1138403141915798
1736378020995889200,0.1040676196526736,0.05603541015051305,0.12492810991704463
1736378021005951200,0.1061685009220615,0.05068805777318775,0.11805647058188914
1736378021016013000,0.10130023729857057,0.04955661519099958,0.1228594869494438
1736378021026076200,0.09554762858860194,0.05191514731615316,0.11195055492222308
1736378021036138000,0.10181973112802951,0.04783422097833827,0.11615268278717994
1736378021046201000,0.0978892598113045,0.04889673564331606,0.1190039805650711
1736378021056263200,0.09822996300775558,0.05776345778582617,0.13008710011541844
1736378021066325200,0.09500022383891045,0.05270551680913195,0.12007131753563881
1736378021076388000,0.11550382695700973,0.04989020822665188,0.12217267372906207
1736378021086450200,0.10651121341250837,0.04787185870814137,0.12293255218565463
1736378021096513000,0.09639061875138431,0.050103718546591694,0.12368950803279875
1736378021106575000,0.10873973964955658,0.04976090559144504,0.12429682627618312
1736378021116638200,0.10008585654012858,0.04813238194100559,0.11907003153860568
1736378021126700300,0.10163367050401866,0.04505283749834634,0.11279577357470988
1736378021136762000,0.10302958184182644,0.040424775838898495,0.11699556335210799
1736378021146825000,0.1002770682632923,0.04162196800052188,0.12194704827964305
1736378021156887000,0.09459862076807767,0.05332616945812478,0.11567337483763694
1736378021166950000,0.10750822509322315,0.047533479899517256,0.12152034730017185
1736378021177012200,0.10793974837828427,0.04313660121401772,0.11569149501621723
1736378021187075000,0.09534169422034174,0.04730076255560852,0.12049334233999251
1736378021197137200,0.09684987029358744,0.04541184353646822,0.12394085244536399
1736378021207199000,0.10701565580330788,0.03522320230754558,0.1306856505304575
1736378021217262000,0.09934165057670324,0.04971844098947476,0.11812719773054123
1736378021227324000,0.09734894238952546,0.046052908785827455,0.11769055987894535
1736378021237387300,0.09326178267374634,0.04434604550243821,0.12323942617774009
1736378021247449000,0.09386387675274163,0.04729028226078953,0.12265724237561225
1736378021257512200,0.09161372320577502,0.04710646839279216,0.1208773732215166
1736378021267574000,0.09489862662795931,0.03705867410639766,0.12253449277877806
1736378021277636000,0.08923358660358935,0.0404716882871231,0.12149696642458438
1736378021287699200,0.10243658438473939,0.037642602341040034,0.11597031195759773
1736378021297761300,0.0966935837533325,0.03916704456249717,0.11194354065954684
1736378021307824000,0.09799337777290493,0.045326133447815664,0.11405074207186698
1736378021317886200,0.0919159940879792,0.044937070198147556,0.1149567510008812
1736378021327949000,0.09978069958109408,0.04040390201422851,0.11511398738920688
1736378021338011100,0.09303356340844184,0.03696347010361496,0.12858721694648265
1736378021348073000,0.10015797192826867,0.04756284755789675,0.13503390886783598
1736378021358136000,0.09189166336432099,0.0448483461685013,0.1278618252813816
1736378021368198100,0.0939311698352918,0.04167184872396756,0.12742518742978573
1736378021378261000,0.08992540479265153,0.0466004550994141,0.13656710978448391
1736378021388323000,0.08502048068689182,0.027531008403701707,0.13149755143523215
1736378021398385200,0.0891701477122493,0.0454243468250148,0.13197159868776798
1736378021408448300,0.08797613388840109,0.03634698217308614,0.14111878173947334
1736378021418510000,0.09674317678241058,0.034257439715042706,0.1083639286071062
1736378021428573200,0.08945716622639446,0.046038469268521294,0.12438742716908455
1736378021438635000,0.09072820907551794,0.03761390140294097,0.12171265500187874
1736378021448698000,0.08820926679084078,0.03379804204236716,0.10900807172954081
1736378021458760000,0.09392455743141472,0.034134918447071685,0.12653086893856524
1736378021468822000,0.09205554868914187,0.04190784943692852,0.12998597782850266
1736378021478885000,0.0902712042893283,0.044563396313856356,0.1204202771037817
1736378021488947200,0.09590944763831794,0.03698953612663317,0.12686579998135566
1736378021499010000,0.09078267920911312,0.032983346392307426,0.12104103935062885
1736378021509072100,0.0929094073058106,0.03118890072358772,0.12689151894450187
1736378021519134000,0.0879819608409889,0.04354725524098612,0.1197229424893856
1736378021529197300,0.08848627536762506,0.04168318296873476,0.1281149232596159
1736378021539259100,0.0902542896871455,0.03768224936483893,0.12573065847158432
1736378021549322200,0.0933235958635807,0.046013143031019714,0.11736322762072085
1736378021559384800,0.09029288639817386,0.036730825824942435,0.12276245631575583
1736378021569447700,0.08953815904073417,0.04041229081666097,0.11708557972311973
1736378021579509800,0.08705964009799062,0.04137604411516804,0.11484861445128917
1736378021589571800,0.09706700190929696,0.032506559193413706,0.11800094100236892
1736378021599634700,0.09618749739471823,0.04243738060321193,0.12040449501276015
1736378021609696500,0.08226740085277706,0.04104307670060079,0.12192016027271747
1736378021619759900,0.09296486382009461,0.0416222008959623,0.11594634656012058
1736378021629821700,0.09053732614591717,0.04250568289933726,0.11790274132490157
1736378021639884800,0.08743506754795088,0.03963529682848602,0.12269874342978
1736378021649946600,0.08860467758290469,0.03942285965420306,0.115078331553936
1736378021660008700,0.07571911172047258,0.04457726957558188,0.10939794782996178
1736378021670071800,0.08202480600224807,0.04054532434549182,0.10596563529372215
1736378021680134000,0.09208566983276978,0.036744785851635965,0.12213526432812213
1736378021690196700,0.0822369874482043,0.035021583354799074,0.12094810037016868
1736378021700258800,0.08706415187632664,0.032527784644532945,0.11915595625638961
1736378021710320600,0.08771339129898696,0.03501796205902938,0.11482523357570171
1736378021720383700,0.08997538141421974,0.03658306508443784,0.1212695874094963
1736378021730445600,0.0807305101417005,0.041085824430361385,0.1151478896588087
1736378021740508700,0.0855705157850869,0.034425005701137705,0.12368541637957095
1736378021750570800,0.08804350003618747,0.032860131004592404,0.12653554511368273
1736378021760633600,0.0881338999996893,0.031362517424556424,0.12983400213718413
1736378021770695700,0.07581524730501696,0.03580430383086204,0.12565057897269724
1736378021780757800,0.07707847217386588,0.03633044659681618,0.12835107010304928
1736378021790820900,0.07809680063724517,0.035633459042292086,0.11938391979336738
1736378021800883000,0.07992016187319531,0.03723524081627838,0.1123638118982315
1736378021810945800,0.09032224035682156,0.03883045128558296,0.12659107469320297
1736378021821007600,0.08283473414564504,0.028416833061212673,0.12046002459228038
1736378021831070700,0.08001072623347863,0.030527404607553033,0.12810089473426342
1736378021841132500,0.08573911381764338,0.0262876983782975,0.12317103711664676
1736378021851194600,0.08464793931376188,0.03416436830384191,0.12257482478916644
1736378021861257700,0.08653285801121964,0.03623543439027853,0.12541969282627105
1736378021871319800,0.08978517433805391,0.03976444420006592,0.11929039629101752
1736378021881382700,0.0834683193414472,0.03926426242585294,0.11870119822621344
1736378021891444700,0.07990300980899483,0.037911308880359866,0.12440087117254733
1736378021901506600,0.07757060307236388,0.03307165943,0.13055237953960894
1736378021911570000,0.07607817255752161,0.036348237981833516,0.15046820936501026
1736378021921631700,0.08419460605569183,0.03155772490282543,0.11127543213963507
1736378021931694800,0.08242335859946906,0.039542239117017014,0.11353285567760467
1736378021941756700,0.08936636440409347,0.03711368766268715,0.1126473050147295
1736378021951819800,0.0790181715321727,0.03859872488894034,0.11609949129521846
1736378021961881600,0.07209217166127636,0.036786990158702244,0.12628127809166909
1736378021971943700,0.08674343202197923,0.03375713920982089,0.12120470547974109
1736378021982006800,0.08173616178659722,0.02880624337075278,0.11896715568602084
1736378021992068900,0.07614405913427472,0.035407874692068436,0.11672492971718311
1736378022002131700,0.08348532527517527,0.028627219842304475,0.11957272036373615
1736378022012193800,0.07841377589823678,0.03704844953990541,0.11808511215448379
1736378022022256600,0.08426531493803485,0.032776914267125534,0.12093757897615431
1736378022032318700,0.08438063014708459,0.030249953072774224,0.12588204964101313
1736378022042380800,0.08102081659147516,0.032209087783913126,0.12154957339465618
1736378022052443600,0.08579484432656317,0.0403104607102694,0.112280809789896
1736378022062505700,0.08103148411596194,0.035656835351302284,0.126210550943017
1736378022072568600,0.07992739533158019,0.03506923558854032,0.12337386621236801
1736378022082630700,0.08020599307725206,0.033904233230045065,0.12024258244931697
1736378022092692700,0.08068106324309483,0.030354472893173806,0.11845160737931727
1736378022102755800,0.07489142872467637,0.03496256947682705,0.12878420082330702
1736378022112817700,0.07946670075096189,0.03348241848824546,0.12101005969047546
1736378022122880800,0.08103564883442595,0.03385954470494762,0.11652677679657936
1736378022132942600,0.07536573170553892,0.032204758668667635,0.12386486459970474
1736378022143006000,0.07599553577536716,0.029626638109236953,0.12477028900682925
1736378022153067800,0.08199585390239954,0.031030650555109604,0.1175964518547058
1736378022163129900,0.08860887883398681,0.032059747007675464,0.1288286244869232
1736378022173192700,0.07925517689213156,0.030523440818488595,0.12973346437215805
1736378022183254800,0.07483164309514687,0.034121533809113314,0.12239888370037078
1736378022193317600,0.07067297077942639,0.03829549959208816,0.11117723246216774
1736378022203379700,0.0891002425475046,0.03625245402373839,0.11701777518391608
1736378022213441800,0.08598271331517025,0.030569718512473625,0.12719780841469763
1736378022223505000,0.07159428687542677,0.027084639175958,0.12944821768999099
1736378022233566700,0.08690167305730283,0.035568426415487193,0.12616378919184207
1736378022243629600,0.07226212140070275,0.028946967015694824,0.1332002636998892
1736378022253691600,0.08072897577174007,0.03038121933620423,0.11659282777011394
1736378022263753700,0.07799648206792771,0.03068128456159029,0.12766776401400565
1736378022273816800,0.08462002839352935,0.026357361514447255,0.125427291610837
1736378022283879000,0.07945340287797152,0.03310893640019931,0.11466039840281009
1736378022293941800,0.07602651543552055,0.031683931398647835,0.11840543015003203
1736378022304003800,0.07838690615762024,0.033561858666315676,0.11810790850818156
1736378022314066700,0.07865629768352955,0.03721118865383323,0.12394962027370929
1736378022324128500,0.08030702403262258,0.03500739499924239,0.117670686134696
1736378022334190800,0.07492989757154137,0.022124642148404382,0.12949673300683498
1736378022344253700,0.07308326505785807,0.029375700122048147,0.1283060619175434
1736378022354315800,0.07944543876722454,0.03240813575366046,0.12232698750793933
1736378022364378600,0.0764484123757109,0.033240709553705526,0.119343587782979
1736378022374440700,0.0814508237728849,0.026150870023760944,0.11784954983294009
1736378022384502500,0.08180418552150949,0.028873445121757685,0.132667179736495
1736378022394566000,0.08423095601070672,0.01860708074781578,0.13222645023167132
1736378022404627700,0.0818933616423048,0.029958564344188195,0.12235738264620304
1736378022414690800,0.07832143970597535,0.03292581208536867,0.11683248174488543
1736378022424752600,0.07838875105483457,0.0316590709520271,0.1391430977523327
1736378022434814700,0.07554077774519101,0.032326987675693815,0.11610767460167408
1736378022444877600,0.07665462073860689,0.03268084718124009,0.1144686752229929
1736378022454940000,0.07255980743933468,0.03640589558635838,0.11822072123289108
1736378022465002800,0.07102859755037352,0.025969732170039787,0.11957739653885364
1736378022475064800,0.07168278714278713,0.029962158240494318,0.12497194905877113
1736378022485127700,0.07692514477567747,0.028360572829330338,0.121984457680583
1736378022495189800,0.07655181795125826,0.03466114797799382,0.1321709206521511
1736378022505251600,0.08392623744308948,0.03218634622914251,0.128733931940794
1736378022515315000,0.08734430225826799,0.0272416015696479,0.11751695687770843
1736378022525376800,0.0769651479925029,0.020565425441088154,0.12335516151189803
1736378022535439600,0.07881910529611631,0.02040939462915994,0.1250087739378214
1736378022545501700,0.08242423538230359,0.029026443726383147,0.11977554945945738
1736378022555563500,0.07198458310095593,0.027343089182744734,0.12127484810650348
1736378022565626600,0.07915714161144569,0.0315900836693123,0.11260112778544425
1736378022575688700,0.07209149580784141,0.03178604006625246,0.12023849079608917
1736378022585751600,0.07864212302770465,0.029006113324407487,0.12128770758807658
1736378022595813600,0.0737148957585916,0.017390343635505994,0.11800094100236892
1736378022605876500,0.07669157348182051,0.02370324397620279,0.12114391520321369
1736378022615938300,0.07816909868847578,0.0352507798676379,0.1232435178309679
1736378022626000400,0.07498971973368898,0.027121861347230148,0.1301280166476965
1736378022636063500,0.07689858556231484,0.02048160591542255,0.11995850481092929
1736378022646125600,0.06484751602895558,0.022948662749235516,0.1192132394015789
1736378022656188400,0.06966996774934232,0.027816720876749603,0.1253524728089571
1736378022666250500,0.06844508386319503,0.02489583759452216,0.1322410632789135
1736378022676312300,0.07283276089550927,0.027125752071058377,0.13463818754851817
1736378022686375700,0.07086266639893875,0.025848987300624137,0.1270072542786598
1736378022696437500,0.07498825842896475,0.029528867690032348,0.11384557488858699
1736378022706500600,0.0724231571813114,0.02388678841614164,0.12222995687425135
1736378022716562400,0.07407943648835644,0.02610653312511276,0.1202893442004919
1736378022726624500,0.06691009284825995,0.02269920889965724,0.11459960812628268
1736378022736687400,0.07706075385408476,0.019359607015014626,0.13285305769741534
1736378022746749700,0.07058079898394644,0.02457321804403327,0.11968261047899723
1736378022756812500,0.07716905480045824,0.027376530228042973,0.11040624808967113
1736378022766874600,0.07022301678853109,0.025646455032425,0.12417466120123863
1736378022776936400,0.06989314551334827,0.024269234695355406,0.11999065351486206
1736378022786999600,0.06660440616626292,0.027463884284510274,0.12822539789676665
1736378022797061400,0.06987928138477727,0.02795970497743692,0.12254442965090274
1736378022807124700,0.07574134181858971,0.018532357844058423,0.12897943113446234
1736378022817186600,0.06058350190892815,0.02005140693776775,0.11925824758708477
1736378022827249400,0.06964773765122517,0.02738165849430952,0.11477145756185055
1736378022837311500,0.0667476688281633,0.02316343344449997,0.10818974108397961
1736378022847373600,0.07158761967262253,0.021961149549228138,0.11762041725218296
1736378022857436400,0.07324017265262082,0.029445308459270743,0.12480185318887232
1736378022867498800,0.06538295634621753,0.02777285433555953,0.1316916127026081
1736378022877561600,0.07375794944902882,0.022783407451235686,0.12361585827469825
1736378022887623400,0.07543532634302973,0.0189897553558927,0.11434241849482059
1736378022897685500,0.06417655796483158,0.026401611648127436,0.12482348049879073
1736378022907748400,0.07028364266827702,0.02998715111785568,0.11973638649284839
1736378022917810400,0.06857570623923093,0.029775024470826607,0.1103115555435419
1736378022927873500,0.06571622515488415,0.022314689394365993,0.12572832038402557
1736378022937935600,0.062256001698412,0.02442248902830761,0.11930267125070095
1736378022947997700,0.062271984718833114,0.015367660435172728,0.1287497140318155
1736378022958060500,0.07480744023565203,0.02795499226970132,0.1230775136142969
1736378022968122400,0.06730214263945818,0.028763431708910502,0.10872574765682219
1736378022978185500,0.06581900967592373,0.023806553653627632,0.12130407420098781
1736378022988247600,0.07727120000068098,0.024211325929081064,0.10948913324475287
1736378022998310700,0.06708199708275496,0.02559487554223742,0.12071721422374247
1736378023008372500,0.07639313852451741,0.0208338442860404,0.1249117433041334
1736378023018434600,0.07177737009106204,0.021524287935346362,0.12371873412728308
1736378023028497400,0.07381176199549809,0.02880543965315446,0.1238748014718294
1736378023038559500,0.06292778174644335,0.023478175649209877,0.12357844887375831
1736378023048622600,0.06729463518643751,0.023751024074107407,0.11579320182502269
1736378023058684700,0.06674156788093968,0.025819135585054755,0.11474456955492496
1736378023068746500,0.06217994078751653,0.026413352318271063,0.12716682875454424
1736378023078809600,0.07052561646429821,0.02268340854232665,0.1171434473901987
1736378023088871400,0.06712254828885197,0.016594809343642554,0.1258306117147207
1736378023098934500,0.07096979830153285,0.023186987850023433,0.13047580717206
1736378023108996600,0.06130308488775044,0.02071664764715824,0.12539397386312484
1736378023119058700,0.06766412608595565,0.016627268574829213,0.12075754623413085
1736378023129121500,0.06562518587056547,0.02077810464396607,0.11731529682576655
1736378023139183600,0.07137688126508146,0.02275739166056737,0.1250993748307228
1736378023149246500,0.06257747047143057,0.01763297958523035,0.11791618532836437
1736378023159308500,0.07680173759171739,0.02259947941880673,0.12674831108152865
1736378023169370400,0.06657052216297016,0.01988063064785674,0.12286357860267162
1736378023179433500,0.057935964808519924,0.024283870575483885,0.11493979986608027
1736378023189495600,0.0635336386851035,0.019052016070298848,0.11883271565139293
1736378023199558400,0.06660502722077072,0.02563008385293651,0.12093407184481621
1736378023209620500,0.06501313665313646,0.02130169012665283,0.11480652887523174
1736378023219683300,0.06691992012253031,0.025176558798621407,0.11735621335804462
1736378023229745700,0.0603590455032885,0.024148480692785232,0.12439268786609171
1736378023239807500,0.06637163859000429,0.02067001832672395,0.13442191444933413
1736378023249870600,0.07120652966685592,0.019455943528958596,0.11766542543768882
1736378023259932400,0.057214080274756995,0.021842765600257552,0.11392623890936374
1736378023269995500,0.06746272176234051,0.020986066572531124,0.11722118880152702
1736378023280057300,0.06369065587772056,0.02128510431803297,0.11453414167463778
1736378023290119400,0.05645474980743601,0.02058851862230804,0.1164811840891838
1736378023300182500,0.062483508577663445,0.019148548947065136,0.12486790416240691
1736378023310244600,0.06759718006327747,0.024622706041834315,0.13130991990864277
1736378023320307500,0.06707710171192884,0.02189723573385272,0.11725392202734947
1736378023330369500,0.06484470301736146,0.019299241430172694,0.12593699469864367
1736378023340431400,0.05754038961967453,0.022273197473352775,0.12534136689305306
1736378023350494700,0.0597696647753939,0.03210119326291606,0.12325170113742351
1736378023360556500,0.064369742449373,0.017072692521079444,0.12894728243052958
1736378023370619600,0.06527978823268786,0.014606311540701425,0.12027648471891879
1736378023380681500,0.05881574331773445,0.022819821338332255,0.12043138301968574
1736378023390743600,0.06418291464038192,0.0247300160409417,0.1208861410498619
1736378023400806400,0.06487283313330262,0.014534123087325133,0.11221651238203048
1736378023410868500,0.06673754929294809,0.02408158946903422,0.12120529000163077
1736378023420931600,0.06817145455358549,0.013458584543992765,0.12061667645871639
1736378023430993700,0.05668850376438349,0.017256963046803138,0.12795593330562113
1736378023441055500,0.05180734412670135,0.021434929151460527,0.12018120765089987
1736378023451118600,0.06059111895980313,0.017096027730894275,0.1287199034154415
1736378023461180400,0.059630749495048076,0.01851921066811774,0.12409049004912376
1736378023471243500,0.05661215059254318,0.024883379971748217,0.14385785131454468
1736378023481305600,0.05931441355487332,0.021338588070939295,0.12456921347677707
1736378023491367700,0.06171058797640726,0.016374376092571766,0.10662380694150925
1736378023501430500,0.060924314703233534,0.020680585386510936,0.12399404393732547
1736378023511492600,0.061299395093321794,0.020124047482293097,0.10903612878024578
1736378023521555500,0.060717467019520695,0.019147968991752713,0.12086159113049506
1736378023531617300,0.06472938780831172,0.0184191249942407,0.11248714601695536
1736378023541679600,0.07325239281337707,0.019281934102345258,0.11174304965138435
1736378023551742500,0.06481326669948176,0.025131856573792175,0.12596446722745894
1736378023561804300,0.06435876439763233,0.02385514203570783,0.12282675372362137
1736378023571867100,0.06257652062335982,0.027804838642710817,0.11983809330165386
1736378023581929200,0.0606935198883526,0.027508723506657406,0.12043839728236198
1736378023591991300,0.06921595863783732,0.012135610578232444,0.12163608263432979
1736378023602054100,0.0698447032617405,0.016642625974165274,0.12193477331995964
1736378023612116200,0.06778506731819361,0.0219354214529274,0.11879589077234268
1736378023622179300,0.06876015942804516,0.02208828306023497,0.12209025614261626
1736378023632241200,0.06260231265174225,0.014482936322782188,0.12134674429893492
1736378023642303200,0.05347916806275025,0.01967777415267192,0.1288239483118057
1736378023652366000,0.05742008770825341,0.025760062341578304,0.12149521285891532
1736378023662428200,0.06444072532635181,0.018633169603720308,0.12688742729127406
1736378023672491300,0.06859030102016404,0.01924840172550175,0.12868833923339842
1736378023682553300,0.06302479411382228,0.018838062792364507,0.12989070076048373
1736378023692616200,0.060269156996440136,0.015215139037871266,0.12017010173499583
1736378023702678300,0.0697781956304796,0.018394189199095124,0.12750760501623154
1736378023712740000,0.060450048254989085,0.026914958864590152,0.12616612727940082
1736378023722803200,0.059889382164925335,0.014096811665582935,0.1198883621841669
1736378023732865300,0.06741046185214072,0.021854928678798024,0.12917290787994862
1736378023742928400,0.0752372830202803,0.019832603954779916,0.12095336106717586
1736378023752990200,0.07024570354437455,0.0176742568771122,0.11976152093410491
1736378023763052300,0.0621149127272889,0.021586062309273985,0.11871581127345561
1736378023773115100,0.06120842887423932,0.02449519350491464,0.12634849810898302
1736378023783177200,0.060660403070040045,0.016260549587709828,0.12185469382107257
1736378023793240300,0.06613046851158141,0.01995611845330568,0.1211129355430603
1736378023803302400,0.07027872903114184,0.013933554245135746,0.12695406278669832
1736378023813364200,0.06254031679881736,0.010571039559075143,0.11947452068626879
1736378023823427300,0.0659848677621223,0.019740642221854066,0.12262100201845168
1736378023833489200,0.06703671490261331,0.012141122436989098,0.12547229979634283
1736378023843552000,0.06339536272557451,0.020479612604447174,0.13834639441668986
1736378023853614300,0.06751759375473484,0.021243315569497642,0.1275824238181114
1736378023863676400,0.07158895311318338,0.015691665941860992,0.13103168748915195
1736378023873739300,0.06351696154493838,0.024879824891348833,0.12400631889700889
1736378023883801300,0.055351099414471534,0.027112324050616005,0.1259580374866724
1736378023893864200,0.06666044720243662,0.015374989791680126,0.12043138301968574
1736378023903926000,0.0653165035138838,0.017732167926675174,0.11250818880498409
1736378023913988000,0.06839717133454978,0.01705641495642485,0.11999591421186924
1736378023924051200,0.06522561036003753,0.017637087221478578,0.10817980421185493
1736378023934113300,0.058785585641488426,0.02512995687765069,0.11537000797688961
1736378023944176000,0.06179242104096338,0.021183153197343926,0.12031214055418968
1736378023954238200,0.0688030121890828,0.017823316808848175,0.11088614056110381
1736378023964300000,0.06253401492219418,0.01904169332239544,0.11417466071248054
1736378023964300000,0.06253401492219418,0.01904169332239544,0.11417466071248054
1736378023964300000,0.06253401492219418,0.01904169332239544,0.11417466071248054
1736378023964300000,0.06253401492219418,0.01904169332239544,0.11417466071248054
